id,microserviceName,URI,connectionTypes,duplicate,creationTime,pattern,role,connections
2878,Head55,http://localhost:11888/api/Head55,,false,2878,Consolidation,Head,POST http://localhost:11889/api/Worker238 PUT http://localhost:11889/api/Worker238 GET http://localhost:11889/api/Worker238 POST http://localhost:11890/api/Worker239 PUT http://localhost:11890/api/Worker239 GET http://localhost:11890/api/Worker239 POST http://localhost:11891/api/Worker240 PUT http://localhost:11891/api/Worker240 GET http://localhost:11891/api/Worker240 POST http://localhost:11892/api/Worker241 PUT http://localhost:11892/api/Worker241 GET http://localhost:11892/api/Worker241 POST http://localhost:11893/api/Worker242 PUT http://localhost:11893/api/Worker242 GET http://localhost:11893/api/Worker242 
2879,Worker238,http://localhost:11889/api/Worker238,POST PUT GET ,false,2879,Consolidation,Worker,
2880,Worker239,http://localhost:11890/api/Worker239,POST PUT GET ,false,2880,Consolidation,Worker,
2881,Worker240,http://localhost:11891/api/Worker240,POST PUT GET ,false,2881,Consolidation,Worker,
2882,Worker241,http://localhost:11892/api/Worker241,POST PUT GET ,false,2882,Consolidation,Worker,
2883,Worker242,http://localhost:11893/api/Worker242,POST PUT GET ,false,2883,Consolidation,Worker,
2884,Head56,http://localhost:11894/api/Head56,,false,2884,Consolidation,Head,POST http://localhost:11895/api/Worker243 PUT http://localhost:11895/api/Worker243 GET http://localhost:11895/api/Worker243 POST http://localhost:11896/api/Worker244 PUT http://localhost:11896/api/Worker244 GET http://localhost:11896/api/Worker244 POST http://localhost:11897/api/Worker245 PUT http://localhost:11897/api/Worker245 GET http://localhost:11897/api/Worker245 POST http://localhost:11898/api/Worker246 PUT http://localhost:11898/api/Worker246 GET http://localhost:11898/api/Worker246 
2885,Worker243,http://localhost:11895/api/Worker243,POST PUT GET ,false,2885,Consolidation,Worker,
2886,Worker244,http://localhost:11896/api/Worker244,POST PUT GET ,false,2886,Consolidation,Worker,
2887,Worker245,http://localhost:11897/api/Worker245,POST PUT GET ,false,2887,Consolidation,Worker,
2888,Worker246,http://localhost:11898/api/Worker246,POST PUT GET ,false,2888,Consolidation,Worker,
2889,Head57,http://localhost:11899/api/Head57,,false,2889,Consolidation,Head,POST http://localhost:11900/api/Worker247 PUT http://localhost:11900/api/Worker247 GET http://localhost:11900/api/Worker247 POST http://localhost:11901/api/Worker248 PUT http://localhost:11901/api/Worker248 GET http://localhost:11901/api/Worker248 
2890,Worker247,http://localhost:11900/api/Worker247,POST PUT GET ,false,2890,Consolidation,Worker,
2891,Worker248,http://localhost:11901/api/Worker248,POST PUT GET ,false,2891,Consolidation,Worker,
2892,Head58,http://localhost:11902/api/Head58,,false,2892,Consolidation,Head,POST http://localhost:11903/api/Worker249 PUT http://localhost:11903/api/Worker249 GET http://localhost:11903/api/Worker249 POST http://localhost:11904/api/Worker250 PUT http://localhost:11904/api/Worker250 GET http://localhost:11904/api/Worker250 POST http://localhost:11905/api/Worker251 PUT http://localhost:11905/api/Worker251 GET http://localhost:11905/api/Worker251 POST http://localhost:11906/api/Worker252 PUT http://localhost:11906/api/Worker252 GET http://localhost:11906/api/Worker252 POST http://localhost:11907/api/Worker253 PUT http://localhost:11907/api/Worker253 GET http://localhost:11907/api/Worker253 
2893,Worker249,http://localhost:11903/api/Worker249,POST PUT GET ,false,2893,Consolidation,Worker,
2894,Worker250,http://localhost:11904/api/Worker250,POST PUT GET ,false,2894,Consolidation,Worker,
2895,Worker251,http://localhost:11905/api/Worker251,POST PUT GET ,false,2895,Consolidation,Worker,
2896,Worker252,http://localhost:11906/api/Worker252,POST PUT GET ,false,2896,Consolidation,Worker,
2897,Worker253,http://localhost:11907/api/Worker253,POST PUT GET ,false,2897,Consolidation,Worker,
2898,Head59,http://localhost:11908/api/Head59,,false,2898,Consolidation,Head,POST http://localhost:11909/api/Worker254 PUT http://localhost:11909/api/Worker254 GET http://localhost:11909/api/Worker254 POST http://localhost:11910/api/Worker255 PUT http://localhost:11910/api/Worker255 GET http://localhost:11910/api/Worker255 POST http://localhost:11911/api/Worker256 PUT http://localhost:11911/api/Worker256 GET http://localhost:11911/api/Worker256 POST http://localhost:11912/api/Worker257 PUT http://localhost:11912/api/Worker257 GET http://localhost:11912/api/Worker257 POST http://localhost:11913/api/Worker258 PUT http://localhost:11913/api/Worker258 GET http://localhost:11913/api/Worker258 
2899,Worker254,http://localhost:11909/api/Worker254,POST PUT GET ,false,2899,Consolidation,Worker,
2900,Worker255,http://localhost:11910/api/Worker255,POST PUT GET ,false,2900,Consolidation,Worker,
2901,Worker256,http://localhost:11911/api/Worker256,POST PUT GET ,false,2901,Consolidation,Worker,
2902,Worker257,http://localhost:11912/api/Worker257,POST PUT GET ,false,2902,Consolidation,Worker,
2903,Worker258,http://localhost:11913/api/Worker258,POST PUT GET ,false,2903,Consolidation,Worker,
2904,Head60,http://localhost:11914/api/Head60,,false,2904,Consolidation,Head,POST http://localhost:11915/api/Worker259 PUT http://localhost:11915/api/Worker259 GET http://localhost:11915/api/Worker259 POST http://localhost:11916/api/Worker260 PUT http://localhost:11916/api/Worker260 GET http://localhost:11916/api/Worker260 POST http://localhost:11917/api/Worker261 PUT http://localhost:11917/api/Worker261 GET http://localhost:11917/api/Worker261 POST http://localhost:11918/api/Worker262 PUT http://localhost:11918/api/Worker262 GET http://localhost:11918/api/Worker262 POST http://localhost:11919/api/Worker263 PUT http://localhost:11919/api/Worker263 GET http://localhost:11919/api/Worker263 
2905,Worker259,http://localhost:11915/api/Worker259,POST PUT GET ,false,2905,Consolidation,Worker,
2906,Worker260,http://localhost:11916/api/Worker260,POST PUT GET ,false,2906,Consolidation,Worker,
2907,Worker261,http://localhost:11917/api/Worker261,POST PUT GET ,false,2907,Consolidation,Worker,
2908,Worker262,http://localhost:11918/api/Worker262,POST PUT GET ,false,2908,Consolidation,Worker,
2909,Worker263,http://localhost:11919/api/Worker263,POST PUT GET ,false,2909,Consolidation,Worker,
2910,Head61,http://localhost:11920/api/Head61,,false,2910,Consolidation,Head,POST http://localhost:11921/api/Worker264 PUT http://localhost:11921/api/Worker264 GET http://localhost:11921/api/Worker264 POST http://localhost:11922/api/Worker265 PUT http://localhost:11922/api/Worker265 GET http://localhost:11922/api/Worker265 POST http://localhost:11923/api/Worker266 PUT http://localhost:11923/api/Worker266 GET http://localhost:11923/api/Worker266 POST http://localhost:11924/api/Worker267 PUT http://localhost:11924/api/Worker267 GET http://localhost:11924/api/Worker267 POST http://localhost:11925/api/Worker268 PUT http://localhost:11925/api/Worker268 GET http://localhost:11925/api/Worker268 POST http://localhost:11926/api/Worker269 PUT http://localhost:11926/api/Worker269 GET http://localhost:11926/api/Worker269 
2911,Worker264,http://localhost:11921/api/Worker264,POST PUT GET ,false,2911,Consolidation,Worker,
2912,Worker265,http://localhost:11922/api/Worker265,POST PUT GET ,false,2912,Consolidation,Worker,
2913,Worker266,http://localhost:11923/api/Worker266,POST PUT GET ,false,2913,Consolidation,Worker,
2914,Worker267,http://localhost:11924/api/Worker267,POST PUT GET ,false,2914,Consolidation,Worker,
2915,Worker268,http://localhost:11925/api/Worker268,POST PUT GET ,false,2915,Consolidation,Worker,
2916,Worker269,http://localhost:11926/api/Worker269,POST PUT GET ,false,2916,Consolidation,Worker,
2917,worker173,http://localhost:11927/api/worker173,PUT DELETE ,false,2917,NoPattern,Worker,PUT http://localhost:11928/api/Client148 GET http://localhost:11928/api/Client148 PUT http://localhost:11928/api/Client148 DELETE http://localhost:11928/api/Client148 PUT http://localhost:11928/api/Client148 DELETE http://localhost:11932/api/Client149 PUT http://localhost:11932/api/Client149 DELETE http://localhost:11928/api/Client148 PUT http://localhost:11932/api/Client149 DELETE http://localhost:11928/api/Client148 PUT http://localhost:11928/api/Client148 DELETE http://localhost:11932/api/Client149 PUT http://localhost:11933/api/Client150 DELETE http://localhost:11933/api/Client150 POST http://localhost:11928/api/Client148 PUT http://localhost:11928/api/Client148 POST http://localhost:11932/api/Client149 PUT http://localhost:11933/api/Client150 POST http://localhost:11935/api/Client151 PUT http://localhost:11935/api/Client151 
2918,Client148,http://localhost:11928/api/Client148,POST PUT DELETE ,false,2918,NoPattern,Client,DELETE http://localhost:11927/api/worker173 GET http://localhost:11927/api/worker173 DELETE http://localhost:11927/api/worker173 DELETE http://localhost:11929/api/worker174 PUT http://localhost:11927/api/worker173 PUT http://localhost:11929/api/worker174 DELETE http://localhost:11929/api/worker174 DELETE http://localhost:11930/api/worker175 PUT http://localhost:11930/api/worker175 DELETE http://localhost:11927/api/worker173 PUT http://localhost:11929/api/worker174 DELETE http://localhost:11929/api/worker174 PUT http://localhost:11930/api/worker175 DELETE http://localhost:11930/api/worker175 DELETE http://localhost:11931/api/worker176 PUT http://localhost:11931/api/worker176 DELETE http://localhost:11927/api/worker173 DELETE http://localhost:11929/api/worker174 DELETE http://localhost:11930/api/worker175 PUT http://localhost:11930/api/worker175 DELETE http://localhost:11931/api/worker176 DELETE http://localhost:11927/api/worker173 PUT http://localhost:11927/api/worker173 DELETE http://localhost:11929/api/worker174 DELETE http://localhost:11930/api/worker175 PUT http://localhost:11930/api/worker175 PUT http://localhost:11931/api/worker176 DELETE http://localhost:11931/api/worker176 POST http://localhost:11927/api/worker173 POST http://localhost:11929/api/worker174 POST http://localhost:11930/api/worker175 PUT http://localhost:11930/api/worker175 PUT http://localhost:11931/api/worker176 PUT http://localhost:11934/api/worker177 
2919,worker174,http://localhost:11929/api/worker174,GET DELETE ,false,2919,NoPattern,Worker,DELETE http://localhost:11928/api/Client148 PUT http://localhost:11928/api/Client148 DELETE http://localhost:11928/api/Client148 PUT http://localhost:11928/api/Client148 DELETE http://localhost:11928/api/Client148 PUT http://localhost:11932/api/Client149 DELETE http://localhost:11932/api/Client149 DELETE http://localhost:11928/api/Client148 PUT http://localhost:11928/api/Client148 PUT http://localhost:11932/api/Client149 DELETE http://localhost:11928/api/Client148 PUT http://localhost:11928/api/Client148 PUT http://localhost:11932/api/Client149 DELETE http://localhost:11932/api/Client149 PUT http://localhost:11933/api/Client150 POST http://localhost:11928/api/Client148 PUT http://localhost:11932/api/Client149 POST http://localhost:11932/api/Client149 POST http://localhost:11933/api/Client150 POST http://localhost:11935/api/Client151 
2920,worker175,http://localhost:11930/api/worker175,PUT DELETE ,false,2920,NoPattern,Worker,PUT http://localhost:11928/api/Client148 DELETE http://localhost:11928/api/Client148 PUT http://localhost:11932/api/Client149 DELETE http://localhost:11932/api/Client149 PUT http://localhost:11928/api/Client148 DELETE http://localhost:11928/api/Client148 DELETE http://localhost:11932/api/Client149 PUT http://localhost:11928/api/Client148 PUT http://localhost:11932/api/Client149 PUT http://localhost:11933/api/Client150 PUT http://localhost:11928/api/Client148 POST http://localhost:11928/api/Client148 PUT http://localhost:11932/api/Client149 POST http://localhost:11933/api/Client150 PUT http://localhost:11935/api/Client151 POST http://localhost:11935/api/Client151 
2921,worker176,http://localhost:11931/api/worker176,PUT DELETE ,false,2921,NoPattern,Worker,DELETE http://localhost:11928/api/Client148 PUT http://localhost:11928/api/Client148 PUT http://localhost:11932/api/Client149 DELETE http://localhost:11932/api/Client149 PUT http://localhost:11928/api/Client148 DELETE http://localhost:11928/api/Client148 DELETE http://localhost:11932/api/Client149 PUT http://localhost:11932/api/Client149 PUT http://localhost:11928/api/Client148 DELETE http://localhost:11928/api/Client148 PUT http://localhost:11932/api/Client149 DELETE http://localhost:11932/api/Client149 PUT http://localhost:11933/api/Client150 DELETE http://localhost:11933/api/Client150 POST http://localhost:11928/api/Client148 PUT http://localhost:11932/api/Client149 POST http://localhost:11933/api/Client150 PUT http://localhost:11933/api/Client150 POST http://localhost:11935/api/Client151 PUT http://localhost:11935/api/Client151 
2922,Client149,http://localhost:11932/api/Client149,GET POST PUT DELETE ,false,2922,NoPattern,Client,PUT http://localhost:11927/api/worker173 DELETE http://localhost:11927/api/worker173 DELETE http://localhost:11929/api/worker174 PUT http://localhost:11929/api/worker174 PUT http://localhost:11930/api/worker175 DELETE http://localhost:11930/api/worker175 DELETE http://localhost:11931/api/worker176 PUT http://localhost:11931/api/worker176 PUT http://localhost:11927/api/worker173 DELETE http://localhost:11927/api/worker173 PUT http://localhost:11929/api/worker174 DELETE http://localhost:11929/api/worker174 DELETE http://localhost:11930/api/worker175 PUT http://localhost:11930/api/worker175 PUT http://localhost:11931/api/worker176 PUT http://localhost:11927/api/worker173 DELETE http://localhost:11929/api/worker174 PUT http://localhost:11930/api/worker175 DELETE http://localhost:11930/api/worker175 PUT http://localhost:11931/api/worker176 PUT http://localhost:11927/api/worker173 POST http://localhost:11929/api/worker174 POST http://localhost:11930/api/worker175 PUT http://localhost:11930/api/worker175 POST http://localhost:11931/api/worker176 PUT http://localhost:11931/api/worker176 PUT http://localhost:11934/api/worker177 POST http://localhost:11934/api/worker177 
2923,Client150,http://localhost:11933/api/Client150,GET POST DELETE ,false,2923,NoPattern,Client,PUT http://localhost:11927/api/worker173 DELETE http://localhost:11929/api/worker174 PUT http://localhost:11929/api/worker174 PUT http://localhost:11930/api/worker175 DELETE http://localhost:11931/api/worker176 PUT http://localhost:11931/api/worker176 PUT http://localhost:11927/api/worker173 PUT http://localhost:11929/api/worker174 PUT http://localhost:11930/api/worker175 PUT http://localhost:11931/api/worker176 POST http://localhost:11931/api/worker176 PUT http://localhost:11934/api/worker177 
2924,worker177,http://localhost:11934/api/worker177,POST PUT ,false,2924,NoPattern,Worker,POST http://localhost:11928/api/Client148 PUT http://localhost:11928/api/Client148 PUT http://localhost:11932/api/Client149 PUT http://localhost:11933/api/Client150 PUT http://localhost:11935/api/Client151 
2925,Client151,http://localhost:11935/api/Client151,DELETE ,false,2925,NoPattern,Client,POST http://localhost:11927/api/worker173 PUT http://localhost:11927/api/worker173 POST http://localhost:11929/api/worker174 PUT http://localhost:11930/api/worker175 POST http://localhost:11930/api/worker175 PUT http://localhost:11931/api/worker176 PUT http://localhost:11934/api/worker177 
2926,Publisher55,http://localhost:11936/api/Publisher55,,false,2926,PriorityQueue,Publisher,POST http://localhost:11937/api/Bus109 GET http://localhost:11937/api/Bus109 
2927,Bus109,http://localhost:11937/api/Bus109,POST ,false,2927,PriorityQueue,Bus,POST http://localhost:11938/api/Worker150 GET http://localhost:11938/api/Worker150 POST http://localhost:11939/api/Worker151 GET http://localhost:11939/api/Worker151 POST http://localhost:11940/api/Worker152 GET http://localhost:11940/api/Worker152 POST http://localhost:11941/api/Worker153 GET http://localhost:11941/api/Worker153 
2928,Worker150,http://localhost:11938/api/Worker150,POST GET ,false,2928,PriorityQueue,Worker,
2929,Worker151,http://localhost:11939/api/Worker151,POST GET ,false,2929,PriorityQueue,Worker,
2930,Worker152,http://localhost:11940/api/Worker152,POST GET ,false,2930,PriorityQueue,Worker,
2931,Worker153,http://localhost:11941/api/Worker153,POST GET ,false,2931,PriorityQueue,Worker,
2932,Publisher56,http://localhost:11942/api/Publisher56,,false,2932,PriorityQueue,Publisher,POST http://localhost:11943/api/Bus110 GET http://localhost:11943/api/Bus110 
2933,Bus110,http://localhost:11943/api/Bus110,POST ,false,2933,PriorityQueue,Bus,POST http://localhost:11944/api/Worker154 GET http://localhost:11944/api/Worker154 POST http://localhost:11945/api/Worker155 GET http://localhost:11945/api/Worker155 POST http://localhost:11946/api/Worker156 GET http://localhost:11946/api/Worker156 
2934,Worker154,http://localhost:11944/api/Worker154,POST GET ,false,2934,PriorityQueue,Worker,
2935,Worker155,http://localhost:11945/api/Worker155,POST GET ,false,2935,PriorityQueue,Worker,
2936,Worker156,http://localhost:11946/api/Worker156,POST GET ,false,2936,PriorityQueue,Worker,
2937,Publisher57,http://localhost:11947/api/Publisher57,,false,2937,PriorityQueue,Publisher,POST http://localhost:11948/api/Bus111 POST http://localhost:11950/api/Bus112 POST http://localhost:11952/api/Bus113 
2938,Bus111,http://localhost:11948/api/Bus111,POST ,false,2938,PriorityQueue,Bus,POST http://localhost:11949/api/Worker157 GET http://localhost:11949/api/Worker157 
2939,Worker157,http://localhost:11949/api/Worker157,POST GET ,false,2939,PriorityQueue,Worker,
2940,Bus112,http://localhost:11950/api/Bus112,POST ,false,2940,PriorityQueue,Bus,POST http://localhost:11951/api/Worker158 GET http://localhost:11951/api/Worker158 
2941,Worker158,http://localhost:11951/api/Worker158,POST GET ,false,2941,PriorityQueue,Worker,
2942,Bus113,http://localhost:11952/api/Bus113,POST ,false,2942,PriorityQueue,Bus,POST http://localhost:11953/api/Worker159 GET http://localhost:11953/api/Worker159 
2943,Worker159,http://localhost:11953/api/Worker159,POST GET ,false,2943,PriorityQueue,Worker,
2944,Publisher58,http://localhost:11954/api/Publisher58,,false,2944,PriorityQueue,Publisher,POST http://localhost:11955/api/Bus114 POST http://localhost:11957/api/Bus115 POST http://localhost:11959/api/Bus116 
2945,Bus114,http://localhost:11955/api/Bus114,POST ,false,2945,PriorityQueue,Bus,POST http://localhost:11956/api/Worker160 GET http://localhost:11956/api/Worker160 
2946,Worker160,http://localhost:11956/api/Worker160,POST GET ,false,2946,PriorityQueue,Worker,
2947,Bus115,http://localhost:11957/api/Bus115,POST ,false,2947,PriorityQueue,Bus,POST http://localhost:11958/api/Worker161 GET http://localhost:11958/api/Worker161 
2948,Worker161,http://localhost:11958/api/Worker161,POST GET ,false,2948,PriorityQueue,Worker,
2949,Bus116,http://localhost:11959/api/Bus116,POST ,false,2949,PriorityQueue,Bus,POST http://localhost:11960/api/Worker162 GET http://localhost:11960/api/Worker162 
2950,Worker162,http://localhost:11960/api/Worker162,POST GET ,false,2950,PriorityQueue,Worker,
2951,Publisher59,http://localhost:11961/api/Publisher59,,false,2951,PriorityQueue,Publisher,POST http://localhost:11962/api/Bus117 POST http://localhost:11964/api/Bus118 
2952,Bus117,http://localhost:11962/api/Bus117,POST ,false,2952,PriorityQueue,Bus,POST http://localhost:11963/api/Worker163 GET http://localhost:11963/api/Worker163 
2953,Worker163,http://localhost:11963/api/Worker163,POST GET ,false,2953,PriorityQueue,Worker,
2954,Bus118,http://localhost:11964/api/Bus118,POST ,false,2954,PriorityQueue,Bus,POST http://localhost:11965/api/Worker164 GET http://localhost:11965/api/Worker164 
2955,Worker164,http://localhost:11965/api/Worker164,POST GET ,false,2955,PriorityQueue,Worker,
2956,Publisher60,http://localhost:11966/api/Publisher60,,false,2956,PriorityQueue,Publisher,POST http://localhost:11967/api/Bus119 POST http://localhost:11969/api/Bus120 POST http://localhost:11971/api/Bus121 
2957,Bus119,http://localhost:11967/api/Bus119,POST ,false,2957,PriorityQueue,Bus,POST http://localhost:11968/api/Worker165 GET http://localhost:11968/api/Worker165 
2958,Worker165,http://localhost:11968/api/Worker165,POST GET ,false,2958,PriorityQueue,Worker,
2959,Bus120,http://localhost:11969/api/Bus120,POST ,false,2959,PriorityQueue,Bus,POST http://localhost:11970/api/Worker166 GET http://localhost:11970/api/Worker166 
2960,Worker166,http://localhost:11970/api/Worker166,POST GET ,false,2960,PriorityQueue,Worker,
2961,Bus121,http://localhost:11971/api/Bus121,POST ,false,2961,PriorityQueue,Bus,POST http://localhost:11972/api/Worker167 GET http://localhost:11972/api/Worker167 
2962,Worker167,http://localhost:11972/api/Worker167,POST GET ,false,2962,PriorityQueue,Worker,
2963,Publisher61,http://localhost:11973/api/Publisher61,,false,2963,PriorityQueue,Publisher,POST http://localhost:11974/api/Bus122 POST http://localhost:11976/api/Bus123 
2964,Bus122,http://localhost:11974/api/Bus122,POST ,false,2964,PriorityQueue,Bus,POST http://localhost:11975/api/Worker168 GET http://localhost:11975/api/Worker168 
2965,Worker168,http://localhost:11975/api/Worker168,POST GET ,false,2965,PriorityQueue,Worker,
2966,Bus123,http://localhost:11976/api/Bus123,POST ,false,2966,PriorityQueue,Bus,POST http://localhost:11977/api/Worker169 GET http://localhost:11977/api/Worker169 
2967,Worker169,http://localhost:11977/api/Worker169,POST GET ,false,2967,PriorityQueue,Worker,
2968,worker178,http://localhost:11978/api/worker178,GET POST PUT DELETE ,false,2968,NoPattern,Worker,GET http://localhost:11980/api/Client152 DELETE http://localhost:11980/api/Client152 DELETE http://localhost:11980/api/Client152 GET http://localhost:11980/api/Client152 DELETE http://localhost:11980/api/Client152 GET http://localhost:11981/api/Client153 DELETE http://localhost:11981/api/Client153 GET http://localhost:11980/api/Client152 GET http://localhost:11981/api/Client153 GET http://localhost:11983/api/Client154 GET http://localhost:11980/api/Client152 GET http://localhost:11981/api/Client153 GET http://localhost:11983/api/Client154 GET http://localhost:11984/api/Client155 
2969,worker179,http://localhost:11979/api/worker179,GET DELETE ,false,2969,NoPattern,Worker,GET http://localhost:11980/api/Client152 DELETE http://localhost:11980/api/Client152 DELETE http://localhost:11980/api/Client152 GET http://localhost:11980/api/Client152 GET http://localhost:11980/api/Client152 DELETE http://localhost:11981/api/Client153 GET http://localhost:11981/api/Client153 GET http://localhost:11980/api/Client152 GET http://localhost:11981/api/Client153 GET http://localhost:11983/api/Client154 GET http://localhost:11980/api/Client152 GET http://localhost:11981/api/Client153 GET http://localhost:11983/api/Client154 GET http://localhost:11984/api/Client155 
2970,Client152,http://localhost:11980/api/Client152,GET POST DELETE ,false,2970,NoPattern,Client,DELETE http://localhost:11978/api/worker178 GET http://localhost:11978/api/worker178 DELETE http://localhost:11979/api/worker179 GET http://localhost:11979/api/worker179 GET http://localhost:11978/api/worker178 DELETE http://localhost:11979/api/worker179 GET http://localhost:11978/api/worker178 DELETE http://localhost:11978/api/worker178 DELETE http://localhost:11979/api/worker179 GET http://localhost:11979/api/worker179 GET http://localhost:11978/api/worker178 GET http://localhost:11979/api/worker179 GET http://localhost:11982/api/worker180 GET http://localhost:11978/api/worker178 GET http://localhost:11979/api/worker179 GET http://localhost:11982/api/worker180 
2971,Client153,http://localhost:11981/api/Client153,POST ,false,2971,NoPattern,Client,GET http://localhost:11978/api/worker178 GET http://localhost:11979/api/worker179 GET http://localhost:11978/api/worker178 GET http://localhost:11979/api/worker179 GET http://localhost:11982/api/worker180 GET http://localhost:11978/api/worker178 GET http://localhost:11979/api/worker179 GET http://localhost:11982/api/worker180 
2972,worker180,http://localhost:11982/api/worker180,GET ,false,2972,NoPattern,Worker,GET http://localhost:11980/api/Client152 GET http://localhost:11981/api/Client153 GET http://localhost:11983/api/Client154 GET http://localhost:11980/api/Client152 GET http://localhost:11981/api/Client153 GET http://localhost:11983/api/Client154 GET http://localhost:11984/api/Client155 
2973,Client154,http://localhost:11983/api/Client154,GET PUT DELETE ,false,2973,NoPattern,Client,GET http://localhost:11978/api/worker178 GET http://localhost:11979/api/worker179 GET http://localhost:11982/api/worker180 GET http://localhost:11978/api/worker178 GET http://localhost:11979/api/worker179 GET http://localhost:11982/api/worker180 
2974,Client155,http://localhost:11984/api/Client155,GET POST PUT ,false,2974,NoPattern,Client,GET http://localhost:11978/api/worker178 GET http://localhost:11979/api/worker179 GET http://localhost:11982/api/worker180 
2975,Client117,http://localhost:11985/api/Client117,,false,2975,CacheASide,Client,POST http://localhost:11988/api/Cache402 GET http://localhost:11988/api/Cache402 POST http://localhost:11990/api/Cache403 GET http://localhost:11990/api/Cache403 POST http://localhost:11992/api/Cache404 GET http://localhost:11992/api/Cache404 POST http://localhost:11994/api/Cache405 GET http://localhost:11994/api/Cache405 
2976,Client118,http://localhost:11986/api/Client118,,false,2976,CacheASide,Client,POST http://localhost:11988/api/Cache402 GET http://localhost:11988/api/Cache402 POST http://localhost:11990/api/Cache403 GET http://localhost:11990/api/Cache403 POST http://localhost:11992/api/Cache404 GET http://localhost:11992/api/Cache404 POST http://localhost:11994/api/Cache405 GET http://localhost:11994/api/Cache405 
2977,Worker193,http://localhost:11987/api/Worker193,POST GET ,false,2977,CacheASide,Worker,
2978,Cache402,http://localhost:11988/api/Cache402,POST GET ,false,2978,CacheASide,Cache,POST http://localhost:11987/api/Worker193 GET http://localhost:11987/api/Worker193 
2979,Worker194,http://localhost:11989/api/Worker194,POST GET ,false,2979,CacheASide,Worker,
2980,Cache403,http://localhost:11990/api/Cache403,POST GET ,false,2980,CacheASide,Cache,POST http://localhost:11989/api/Worker194 GET http://localhost:11989/api/Worker194 
2981,Worker195,http://localhost:11991/api/Worker195,POST GET ,false,2981,CacheASide,Worker,
2982,Cache404,http://localhost:11992/api/Cache404,POST GET ,false,2982,CacheASide,Cache,POST http://localhost:11991/api/Worker195 GET http://localhost:11991/api/Worker195 
2983,Worker196,http://localhost:11993/api/Worker196,POST GET ,false,2983,CacheASide,Worker,
2984,Cache405,http://localhost:11994/api/Cache405,POST GET ,false,2984,CacheASide,Cache,POST http://localhost:11995/api/Cache406 GET http://localhost:11995/api/Cache406 
2985,Cache406,http://localhost:11995/api/Cache406,POST GET ,false,2985,CacheASide,Cache,POST http://localhost:11993/api/Worker196 GET http://localhost:11993/api/Worker196 
2986,Client119,http://localhost:11996/api/Client119,,false,2986,CacheASide,Client,POST http://localhost:11999/api/Cache407 GET http://localhost:11999/api/Cache407 POST http://localhost:12002/api/Cache409 GET http://localhost:12002/api/Cache409 POST http://localhost:12006/api/Cache412 GET http://localhost:12006/api/Cache412 POST http://localhost:12009/api/Cache414 GET http://localhost:12009/api/Cache414 
2987,Client120,http://localhost:11997/api/Client120,,false,2987,CacheASide,Client,POST http://localhost:11999/api/Cache407 GET http://localhost:11999/api/Cache407 POST http://localhost:12002/api/Cache409 GET http://localhost:12002/api/Cache409 POST http://localhost:12006/api/Cache412 GET http://localhost:12006/api/Cache412 POST http://localhost:12009/api/Cache414 GET http://localhost:12009/api/Cache414 
2988,Worker197,http://localhost:11998/api/Worker197,POST GET ,false,2988,CacheASide,Worker,
2989,Cache407,http://localhost:11999/api/Cache407,POST GET ,false,2989,CacheASide,Cache,POST http://localhost:12000/api/Cache408 GET http://localhost:12000/api/Cache408 
2990,Cache408,http://localhost:12000/api/Cache408,POST GET ,false,2990,CacheASide,Cache,POST http://localhost:11998/api/Worker197 GET http://localhost:11998/api/Worker197 
2991,Worker198,http://localhost:12001/api/Worker198,POST GET ,false,2991,CacheASide,Worker,
2992,Cache409,http://localhost:12002/api/Cache409,POST GET ,false,2992,CacheASide,Cache,POST http://localhost:12003/api/Cache410 GET http://localhost:12003/api/Cache410 
2993,Cache410,http://localhost:12003/api/Cache410,POST GET ,false,2993,CacheASide,Cache,POST http://localhost:12004/api/Cache411 GET http://localhost:12004/api/Cache411 
2994,Cache411,http://localhost:12004/api/Cache411,POST GET ,false,2994,CacheASide,Cache,POST http://localhost:12001/api/Worker198 GET http://localhost:12001/api/Worker198 
2995,Worker199,http://localhost:12005/api/Worker199,POST GET ,false,2995,CacheASide,Worker,
2996,Cache412,http://localhost:12006/api/Cache412,POST GET ,false,2996,CacheASide,Cache,POST http://localhost:12007/api/Cache413 GET http://localhost:12007/api/Cache413 
2997,Cache413,http://localhost:12007/api/Cache413,POST GET ,false,2997,CacheASide,Cache,POST http://localhost:12005/api/Worker199 GET http://localhost:12005/api/Worker199 
2998,Worker200,http://localhost:12008/api/Worker200,POST GET ,false,2998,CacheASide,Worker,
2999,Cache414,http://localhost:12009/api/Cache414,POST GET ,false,2999,CacheASide,Cache,POST http://localhost:12010/api/Cache415 GET http://localhost:12010/api/Cache415 
3000,Cache415,http://localhost:12010/api/Cache415,POST GET ,false,3000,CacheASide,Cache,POST http://localhost:12011/api/Cache416 GET http://localhost:12011/api/Cache416 
3001,Cache416,http://localhost:12011/api/Cache416,POST GET ,false,3001,CacheASide,Cache,POST http://localhost:12008/api/Worker200 GET http://localhost:12008/api/Worker200 
3002,Client121,http://localhost:12012/api/Client121,,false,3002,CacheASide,Client,POST http://localhost:12015/api/Cache417 GET http://localhost:12015/api/Cache417 POST http://localhost:12019/api/Cache420 GET http://localhost:12019/api/Cache420 
3003,Client122,http://localhost:12013/api/Client122,,false,3003,CacheASide,Client,POST http://localhost:12015/api/Cache417 GET http://localhost:12015/api/Cache417 POST http://localhost:12019/api/Cache420 GET http://localhost:12019/api/Cache420 
3004,Worker201,http://localhost:12014/api/Worker201,POST GET ,false,3004,CacheASide,Worker,
3005,Cache417,http://localhost:12015/api/Cache417,POST GET ,false,3005,CacheASide,Cache,POST http://localhost:12016/api/Cache418 GET http://localhost:12016/api/Cache418 
3006,Cache418,http://localhost:12016/api/Cache418,POST GET ,false,3006,CacheASide,Cache,POST http://localhost:12017/api/Cache419 GET http://localhost:12017/api/Cache419 
3007,Cache419,http://localhost:12017/api/Cache419,POST GET ,false,3007,CacheASide,Cache,POST http://localhost:12014/api/Worker201 GET http://localhost:12014/api/Worker201 
3008,Worker202,http://localhost:12018/api/Worker202,POST GET ,false,3008,CacheASide,Worker,
3009,Cache420,http://localhost:12019/api/Cache420,POST GET ,false,3009,CacheASide,Cache,POST http://localhost:12020/api/Cache421 GET http://localhost:12020/api/Cache421 
3010,Cache421,http://localhost:12020/api/Cache421,POST GET ,false,3010,CacheASide,Cache,POST http://localhost:12021/api/Cache422 GET http://localhost:12021/api/Cache422 
3011,Cache422,http://localhost:12021/api/Cache422,POST GET ,false,3011,CacheASide,Cache,POST http://localhost:12018/api/Worker202 GET http://localhost:12018/api/Worker202 
3012,Client123,http://localhost:12022/api/Client123,,false,3012,CacheASide,Client,POST http://localhost:12024/api/Cache423 GET http://localhost:12024/api/Cache423 POST http://localhost:12028/api/Cache426 GET http://localhost:12028/api/Cache426 POST http://localhost:12031/api/Cache428 GET http://localhost:12031/api/Cache428 
3013,Worker203,http://localhost:12023/api/Worker203,POST GET ,false,3013,CacheASide,Worker,
3014,Cache423,http://localhost:12024/api/Cache423,POST GET ,false,3014,CacheASide,Cache,POST http://localhost:12025/api/Cache424 GET http://localhost:12025/api/Cache424 
3015,Cache424,http://localhost:12025/api/Cache424,POST GET ,false,3015,CacheASide,Cache,POST http://localhost:12026/api/Cache425 GET http://localhost:12026/api/Cache425 
3016,Cache425,http://localhost:12026/api/Cache425,POST GET ,false,3016,CacheASide,Cache,POST http://localhost:12023/api/Worker203 GET http://localhost:12023/api/Worker203 
3017,Worker204,http://localhost:12027/api/Worker204,POST GET ,false,3017,CacheASide,Worker,
3018,Cache426,http://localhost:12028/api/Cache426,POST GET ,false,3018,CacheASide,Cache,POST http://localhost:12029/api/Cache427 GET http://localhost:12029/api/Cache427 
3019,Cache427,http://localhost:12029/api/Cache427,POST GET ,false,3019,CacheASide,Cache,POST http://localhost:12027/api/Worker204 GET http://localhost:12027/api/Worker204 
3020,Worker205,http://localhost:12030/api/Worker205,POST GET ,false,3020,CacheASide,Worker,
3021,Cache428,http://localhost:12031/api/Cache428,POST GET ,false,3021,CacheASide,Cache,POST http://localhost:12032/api/Cache429 GET http://localhost:12032/api/Cache429 
3022,Cache429,http://localhost:12032/api/Cache429,POST GET ,false,3022,CacheASide,Cache,POST http://localhost:12030/api/Worker205 GET http://localhost:12030/api/Worker205 
3023,Client124,http://localhost:12033/api/Client124,,false,3023,CacheASide,Client,POST http://localhost:12035/api/Cache430 GET http://localhost:12035/api/Cache430 POST http://localhost:12038/api/Cache432 GET http://localhost:12038/api/Cache432 POST http://localhost:12042/api/Cache435 GET http://localhost:12042/api/Cache435 POST http://localhost:12044/api/Cache436 GET http://localhost:12044/api/Cache436 POST http://localhost:12046/api/Cache437 GET http://localhost:12046/api/Cache437 
3024,Worker206,http://localhost:12034/api/Worker206,POST GET ,false,3024,CacheASide,Worker,
3025,Cache430,http://localhost:12035/api/Cache430,POST GET ,false,3025,CacheASide,Cache,POST http://localhost:12036/api/Cache431 GET http://localhost:12036/api/Cache431 
3026,Cache431,http://localhost:12036/api/Cache431,POST GET ,false,3026,CacheASide,Cache,POST http://localhost:12034/api/Worker206 GET http://localhost:12034/api/Worker206 
3027,Worker207,http://localhost:12037/api/Worker207,POST GET ,false,3027,CacheASide,Worker,
3028,Cache432,http://localhost:12038/api/Cache432,POST GET ,false,3028,CacheASide,Cache,POST http://localhost:12039/api/Cache433 GET http://localhost:12039/api/Cache433 
3029,Cache433,http://localhost:12039/api/Cache433,POST GET ,false,3029,CacheASide,Cache,POST http://localhost:12040/api/Cache434 GET http://localhost:12040/api/Cache434 
3030,Cache434,http://localhost:12040/api/Cache434,POST GET ,false,3030,CacheASide,Cache,POST http://localhost:12037/api/Worker207 GET http://localhost:12037/api/Worker207 
3031,Worker208,http://localhost:12041/api/Worker208,POST GET ,false,3031,CacheASide,Worker,
3032,Cache435,http://localhost:12042/api/Cache435,POST GET ,false,3032,CacheASide,Cache,POST http://localhost:12041/api/Worker208 GET http://localhost:12041/api/Worker208 
3033,Worker209,http://localhost:12043/api/Worker209,POST GET ,false,3033,CacheASide,Worker,
3034,Cache436,http://localhost:12044/api/Cache436,POST GET ,false,3034,CacheASide,Cache,POST http://localhost:12043/api/Worker209 GET http://localhost:12043/api/Worker209 
3035,Worker210,http://localhost:12045/api/Worker210,POST GET ,false,3035,CacheASide,Worker,
3036,Cache437,http://localhost:12046/api/Cache437,POST GET ,false,3036,CacheASide,Cache,POST http://localhost:12047/api/Cache438 GET http://localhost:12047/api/Cache438 
3037,Cache438,http://localhost:12047/api/Cache438,POST GET ,false,3037,CacheASide,Cache,POST http://localhost:12048/api/Cache439 GET http://localhost:12048/api/Cache439 
3038,Cache439,http://localhost:12048/api/Cache439,POST GET ,false,3038,CacheASide,Cache,POST http://localhost:12045/api/Worker210 GET http://localhost:12045/api/Worker210 
3039,Client125,http://localhost:12049/api/Client125,,false,3039,CacheASide,Client,POST http://localhost:12051/api/Cache440 GET http://localhost:12051/api/Cache440 POST http://localhost:12054/api/Cache442 GET http://localhost:12054/api/Cache442 POST http://localhost:12058/api/Cache445 GET http://localhost:12058/api/Cache445 POST http://localhost:12061/api/Cache447 GET http://localhost:12061/api/Cache447 
3040,Worker211,http://localhost:12050/api/Worker211,POST GET ,false,3040,CacheASide,Worker,
3041,Cache440,http://localhost:12051/api/Cache440,POST GET ,false,3041,CacheASide,Cache,POST http://localhost:12052/api/Cache441 GET http://localhost:12052/api/Cache441 
3042,Cache441,http://localhost:12052/api/Cache441,POST GET ,false,3042,CacheASide,Cache,POST http://localhost:12050/api/Worker211 GET http://localhost:12050/api/Worker211 
3043,Worker212,http://localhost:12053/api/Worker212,POST GET ,false,3043,CacheASide,Worker,
3044,Cache442,http://localhost:12054/api/Cache442,POST GET ,false,3044,CacheASide,Cache,POST http://localhost:12055/api/Cache443 GET http://localhost:12055/api/Cache443 
3045,Cache443,http://localhost:12055/api/Cache443,POST GET ,false,3045,CacheASide,Cache,POST http://localhost:12056/api/Cache444 GET http://localhost:12056/api/Cache444 
3046,Cache444,http://localhost:12056/api/Cache444,POST GET ,false,3046,CacheASide,Cache,POST http://localhost:12053/api/Worker212 GET http://localhost:12053/api/Worker212 
3047,Worker213,http://localhost:12057/api/Worker213,POST GET ,false,3047,CacheASide,Worker,
3048,Cache445,http://localhost:12058/api/Cache445,POST GET ,false,3048,CacheASide,Cache,POST http://localhost:12059/api/Cache446 GET http://localhost:12059/api/Cache446 
3049,Cache446,http://localhost:12059/api/Cache446,POST GET ,false,3049,CacheASide,Cache,POST http://localhost:12057/api/Worker213 GET http://localhost:12057/api/Worker213 
3050,Worker214,http://localhost:12060/api/Worker214,POST GET ,false,3050,CacheASide,Worker,
3051,Cache447,http://localhost:12061/api/Cache447,POST GET ,false,3051,CacheASide,Cache,POST http://localhost:12062/api/Cache448 GET http://localhost:12062/api/Cache448 
3052,Cache448,http://localhost:12062/api/Cache448,POST GET ,false,3052,CacheASide,Cache,POST http://localhost:12060/api/Worker214 GET http://localhost:12060/api/Worker214 
3053,Client126,http://localhost:12063/api/Client126,,false,3053,CacheASide,Client,POST http://localhost:12065/api/Cache449 GET http://localhost:12065/api/Cache449 POST http://localhost:12068/api/Cache451 GET http://localhost:12068/api/Cache451 
3054,Worker215,http://localhost:12064/api/Worker215,POST GET ,false,3054,CacheASide,Worker,
3055,Cache449,http://localhost:12065/api/Cache449,POST GET ,false,3055,CacheASide,Cache,POST http://localhost:12066/api/Cache450 GET http://localhost:12066/api/Cache450 
3056,Cache450,http://localhost:12066/api/Cache450,POST GET ,false,3056,CacheASide,Cache,POST http://localhost:12064/api/Worker215 GET http://localhost:12064/api/Worker215 
3057,Worker216,http://localhost:12067/api/Worker216,POST GET ,false,3057,CacheASide,Worker,
3058,Cache451,http://localhost:12068/api/Cache451,POST GET ,false,3058,CacheASide,Cache,POST http://localhost:12067/api/Worker216 GET http://localhost:12067/api/Worker216 
3059,Client156,http://localhost:12069/api/Client156,GET DELETE ,false,3059,NoPattern,Client,POST http://localhost:12070/api/worker181 DELETE http://localhost:12070/api/worker181 PUT http://localhost:12070/api/worker181 POST http://localhost:12070/api/worker181 DELETE http://localhost:12070/api/worker181 GET http://localhost:12070/api/worker181 GET http://localhost:12072/api/worker182 POST http://localhost:12070/api/worker181 POST http://localhost:12072/api/worker182 POST http://localhost:12073/api/worker183 POST http://localhost:12070/api/worker181 POST http://localhost:12072/api/worker182 POST http://localhost:12073/api/worker183 
3060,worker181,http://localhost:12070/api/worker181,POST PUT DELETE ,false,3060,NoPattern,Worker,POST http://localhost:12069/api/Client156 DELETE http://localhost:12069/api/Client156 DELETE http://localhost:12069/api/Client156 PUT http://localhost:12071/api/Client157 POST http://localhost:12071/api/Client157 GET http://localhost:12069/api/Client156 GET http://localhost:12071/api/Client157 POST http://localhost:12069/api/Client156 POST http://localhost:12071/api/Client157 POST http://localhost:12069/api/Client156 POST http://localhost:12071/api/Client157 POST http://localhost:12074/api/Client158 
3061,Client157,http://localhost:12071/api/Client157,POST ,false,3061,NoPattern,Client,POST http://localhost:12070/api/worker181 PUT http://localhost:12070/api/worker181 GET http://localhost:12070/api/worker181 GET http://localhost:12072/api/worker182 POST http://localhost:12070/api/worker181 POST http://localhost:12072/api/worker182 POST http://localhost:12073/api/worker183 POST http://localhost:12070/api/worker181 POST http://localhost:12072/api/worker182 POST http://localhost:12073/api/worker183 
3062,worker182,http://localhost:12072/api/worker182,GET ,false,3062,NoPattern,Worker,GET http://localhost:12069/api/Client156 GET http://localhost:12071/api/Client157 POST http://localhost:12069/api/Client156 POST http://localhost:12071/api/Client157 POST http://localhost:12069/api/Client156 POST http://localhost:12071/api/Client157 POST http://localhost:12074/api/Client158 
3063,worker183,http://localhost:12073/api/worker183,POST ,false,3063,NoPattern,Worker,POST http://localhost:12069/api/Client156 POST http://localhost:12071/api/Client157 POST http://localhost:12069/api/Client156 POST http://localhost:12071/api/Client157 POST http://localhost:12074/api/Client158 
3064,Client158,http://localhost:12074/api/Client158,GET POST PUT DELETE ,false,3064,NoPattern,Client,POST http://localhost:12070/api/worker181 POST http://localhost:12072/api/worker182 POST http://localhost:12073/api/worker183 
3065,Leader55,http://localhost:12075/api/Leader55,POST POST ,false,3065,LeaderElection,Leader,POST http://localhost:12076/api/Worker149 POST http://localhost:12077/api/Worker150 POST http://localhost:12078/api/Worker151 POST http://localhost:12079/api/Worker152 
3066,Worker149,http://localhost:12076/api/Worker149,POST POST ,false,3066,LeaderElection,Worker,POST http://localhost:12075/api/Leader55 POST http://localhost:12077/api/Worker150 POST http://localhost:12078/api/Worker151 POST http://localhost:12079/api/Worker152 
3067,Worker150,http://localhost:12077/api/Worker150,POST POST ,false,3067,LeaderElection,Worker,POST http://localhost:12075/api/Leader55 POST http://localhost:12076/api/Worker149 POST http://localhost:12078/api/Worker151 POST http://localhost:12079/api/Worker152 
3068,Worker151,http://localhost:12078/api/Worker151,POST POST ,false,3068,LeaderElection,Worker,POST http://localhost:12075/api/Leader55 POST http://localhost:12076/api/Worker149 POST http://localhost:12077/api/Worker150 POST http://localhost:12079/api/Worker152 
3069,Worker152,http://localhost:12079/api/Worker152,POST POST ,false,3069,LeaderElection,Worker,POST http://localhost:12075/api/Leader55 POST http://localhost:12076/api/Worker149 POST http://localhost:12077/api/Worker150 POST http://localhost:12078/api/Worker151 
3070,Leader56,http://localhost:12080/api/Leader56,POST POST ,false,3070,LeaderElection,Leader,POST http://localhost:12081/api/Worker153 POST http://localhost:12082/api/Worker154 
3071,Worker153,http://localhost:12081/api/Worker153,POST POST ,false,3071,LeaderElection,Worker,POST http://localhost:12080/api/Leader56 POST http://localhost:12082/api/Worker154 
3072,Worker154,http://localhost:12082/api/Worker154,POST POST ,false,3072,LeaderElection,Worker,POST http://localhost:12080/api/Leader56 POST http://localhost:12081/api/Worker153 
3073,Leader57,http://localhost:12083/api/Leader57,POST POST ,false,3073,LeaderElection,Leader,POST http://localhost:12084/api/Worker155 POST http://localhost:12085/api/Worker156 POST http://localhost:12086/api/Worker157 POST http://localhost:12087/api/Worker158 
3074,Worker155,http://localhost:12084/api/Worker155,POST POST ,false,3074,LeaderElection,Worker,POST http://localhost:12083/api/Leader57 POST http://localhost:12085/api/Worker156 POST http://localhost:12086/api/Worker157 POST http://localhost:12087/api/Worker158 
3075,Worker156,http://localhost:12085/api/Worker156,POST POST ,false,3075,LeaderElection,Worker,POST http://localhost:12083/api/Leader57 POST http://localhost:12084/api/Worker155 POST http://localhost:12086/api/Worker157 POST http://localhost:12087/api/Worker158 
3076,Worker157,http://localhost:12086/api/Worker157,POST POST ,false,3076,LeaderElection,Worker,POST http://localhost:12083/api/Leader57 POST http://localhost:12084/api/Worker155 POST http://localhost:12085/api/Worker156 POST http://localhost:12087/api/Worker158 
3077,Worker158,http://localhost:12087/api/Worker158,POST POST ,false,3077,LeaderElection,Worker,POST http://localhost:12083/api/Leader57 POST http://localhost:12084/api/Worker155 POST http://localhost:12085/api/Worker156 POST http://localhost:12086/api/Worker157 
3078,Leader58,http://localhost:12088/api/Leader58,POST POST ,false,3078,LeaderElection,Leader,POST http://localhost:12089/api/Worker159 POST http://localhost:12090/api/Worker160 POST http://localhost:12091/api/Worker161 POST http://localhost:12092/api/Worker162 POST http://localhost:12093/api/Worker163 
3079,Worker159,http://localhost:12089/api/Worker159,POST POST ,false,3079,LeaderElection,Worker,POST http://localhost:12088/api/Leader58 POST http://localhost:12090/api/Worker160 POST http://localhost:12091/api/Worker161 POST http://localhost:12092/api/Worker162 POST http://localhost:12093/api/Worker163 
3080,Worker160,http://localhost:12090/api/Worker160,POST POST ,false,3080,LeaderElection,Worker,POST http://localhost:12088/api/Leader58 POST http://localhost:12089/api/Worker159 POST http://localhost:12091/api/Worker161 POST http://localhost:12092/api/Worker162 POST http://localhost:12093/api/Worker163 
3081,Worker161,http://localhost:12091/api/Worker161,POST POST ,false,3081,LeaderElection,Worker,POST http://localhost:12088/api/Leader58 POST http://localhost:12089/api/Worker159 POST http://localhost:12090/api/Worker160 POST http://localhost:12092/api/Worker162 POST http://localhost:12093/api/Worker163 
3082,Worker162,http://localhost:12092/api/Worker162,POST POST ,false,3082,LeaderElection,Worker,POST http://localhost:12088/api/Leader58 POST http://localhost:12089/api/Worker159 POST http://localhost:12090/api/Worker160 POST http://localhost:12091/api/Worker161 POST http://localhost:12093/api/Worker163 
3083,Worker163,http://localhost:12093/api/Worker163,POST POST ,false,3083,LeaderElection,Worker,POST http://localhost:12088/api/Leader58 POST http://localhost:12089/api/Worker159 POST http://localhost:12090/api/Worker160 POST http://localhost:12091/api/Worker161 POST http://localhost:12092/api/Worker162 
3084,Leader59,http://localhost:12094/api/Leader59,POST POST ,false,3084,LeaderElection,Leader,POST http://localhost:12095/api/Worker164 POST http://localhost:12096/api/Worker165 POST http://localhost:12097/api/Worker166 
3085,Worker164,http://localhost:12095/api/Worker164,POST POST ,false,3085,LeaderElection,Worker,POST http://localhost:12094/api/Leader59 POST http://localhost:12096/api/Worker165 POST http://localhost:12097/api/Worker166 
3086,Worker165,http://localhost:12096/api/Worker165,POST POST ,false,3086,LeaderElection,Worker,POST http://localhost:12094/api/Leader59 POST http://localhost:12095/api/Worker164 POST http://localhost:12097/api/Worker166 
3087,Worker166,http://localhost:12097/api/Worker166,POST POST ,false,3087,LeaderElection,Worker,POST http://localhost:12094/api/Leader59 POST http://localhost:12095/api/Worker164 POST http://localhost:12096/api/Worker165 
3088,Leader60,http://localhost:12098/api/Leader60,POST POST ,false,3088,LeaderElection,Leader,POST http://localhost:12099/api/Worker167 POST http://localhost:12100/api/Worker168 POST http://localhost:12101/api/Worker169 POST http://localhost:12102/api/Worker170 POST http://localhost:12103/api/Worker171 
3089,Worker167,http://localhost:12099/api/Worker167,POST POST ,false,3089,LeaderElection,Worker,POST http://localhost:12098/api/Leader60 POST http://localhost:12100/api/Worker168 POST http://localhost:12101/api/Worker169 POST http://localhost:12102/api/Worker170 POST http://localhost:12103/api/Worker171 
3090,Worker168,http://localhost:12100/api/Worker168,POST POST ,false,3090,LeaderElection,Worker,POST http://localhost:12098/api/Leader60 POST http://localhost:12099/api/Worker167 POST http://localhost:12101/api/Worker169 POST http://localhost:12102/api/Worker170 POST http://localhost:12103/api/Worker171 
3091,Worker169,http://localhost:12101/api/Worker169,POST POST ,false,3091,LeaderElection,Worker,POST http://localhost:12098/api/Leader60 POST http://localhost:12099/api/Worker167 POST http://localhost:12100/api/Worker168 POST http://localhost:12102/api/Worker170 POST http://localhost:12103/api/Worker171 
3092,Worker170,http://localhost:12102/api/Worker170,POST POST ,false,3092,LeaderElection,Worker,POST http://localhost:12098/api/Leader60 POST http://localhost:12099/api/Worker167 POST http://localhost:12100/api/Worker168 POST http://localhost:12101/api/Worker169 POST http://localhost:12103/api/Worker171 
3093,Worker171,http://localhost:12103/api/Worker171,POST POST ,false,3093,LeaderElection,Worker,POST http://localhost:12098/api/Leader60 POST http://localhost:12099/api/Worker167 POST http://localhost:12100/api/Worker168 POST http://localhost:12101/api/Worker169 POST http://localhost:12102/api/Worker170 
3094,Leader61,http://localhost:12104/api/Leader61,POST POST ,false,3094,LeaderElection,Leader,POST http://localhost:12105/api/Worker172 POST http://localhost:12106/api/Worker173 POST http://localhost:12107/api/Worker174 POST http://localhost:12108/api/Worker175 
3095,Worker172,http://localhost:12105/api/Worker172,POST POST ,false,3095,LeaderElection,Worker,POST http://localhost:12104/api/Leader61 POST http://localhost:12106/api/Worker173 POST http://localhost:12107/api/Worker174 POST http://localhost:12108/api/Worker175 
3096,Worker173,http://localhost:12106/api/Worker173,POST POST ,false,3096,LeaderElection,Worker,POST http://localhost:12104/api/Leader61 POST http://localhost:12105/api/Worker172 POST http://localhost:12107/api/Worker174 POST http://localhost:12108/api/Worker175 
3097,Worker174,http://localhost:12107/api/Worker174,POST POST ,false,3097,LeaderElection,Worker,POST http://localhost:12104/api/Leader61 POST http://localhost:12105/api/Worker172 POST http://localhost:12106/api/Worker173 POST http://localhost:12108/api/Worker175 
3098,Worker175,http://localhost:12108/api/Worker175,POST POST ,false,3098,LeaderElection,Worker,POST http://localhost:12104/api/Leader61 POST http://localhost:12105/api/Worker172 POST http://localhost:12106/api/Worker173 POST http://localhost:12107/api/Worker174 
3099,worker184,http://localhost:12109/api/worker184,PUT ,false,3099,NoPattern,Worker,PUT http://localhost:12112/api/Client159 PUT http://localhost:12112/api/Client159 PUT http://localhost:12114/api/Client160 PUT http://localhost:12112/api/Client159 PUT http://localhost:12114/api/Client160 PUT http://localhost:12116/api/Client161 PUT http://localhost:12112/api/Client159 PUT http://localhost:12114/api/Client160 PUT http://localhost:12116/api/Client161 
3100,worker185,http://localhost:12110/api/worker185,PUT DELETE ,false,3100,NoPattern,Worker,PUT http://localhost:12112/api/Client159 PUT http://localhost:12112/api/Client159 PUT http://localhost:12114/api/Client160 PUT http://localhost:12112/api/Client159 PUT http://localhost:12114/api/Client160 PUT http://localhost:12116/api/Client161 PUT http://localhost:12112/api/Client159 PUT http://localhost:12114/api/Client160 PUT http://localhost:12116/api/Client161 
3101,worker186,http://localhost:12111/api/worker186,PUT ,false,3101,NoPattern,Worker,PUT http://localhost:12112/api/Client159 PUT http://localhost:12112/api/Client159 PUT http://localhost:12114/api/Client160 PUT http://localhost:12112/api/Client159 PUT http://localhost:12114/api/Client160 PUT http://localhost:12116/api/Client161 PUT http://localhost:12112/api/Client159 PUT http://localhost:12114/api/Client160 PUT http://localhost:12116/api/Client161 
3102,Client159,http://localhost:12112/api/Client159,GET POST DELETE ,false,3102,NoPattern,Client,PUT http://localhost:12109/api/worker184 PUT http://localhost:12110/api/worker185 PUT http://localhost:12111/api/worker186 PUT http://localhost:12109/api/worker184 PUT http://localhost:12110/api/worker185 PUT http://localhost:12111/api/worker186 PUT http://localhost:12113/api/worker187 PUT http://localhost:12109/api/worker184 PUT http://localhost:12110/api/worker185 PUT http://localhost:12111/api/worker186 PUT http://localhost:12113/api/worker187 PUT http://localhost:12115/api/worker188 PUT http://localhost:12109/api/worker184 PUT http://localhost:12110/api/worker185 PUT http://localhost:12111/api/worker186 PUT http://localhost:12113/api/worker187 PUT http://localhost:12115/api/worker188 
3103,worker187,http://localhost:12113/api/worker187,PUT ,false,3103,NoPattern,Worker,PUT http://localhost:12112/api/Client159 PUT http://localhost:12114/api/Client160 PUT http://localhost:12112/api/Client159 PUT http://localhost:12114/api/Client160 PUT http://localhost:12116/api/Client161 PUT http://localhost:12112/api/Client159 PUT http://localhost:12114/api/Client160 PUT http://localhost:12116/api/Client161 
3104,Client160,http://localhost:12114/api/Client160,GET ,false,3104,NoPattern,Client,PUT http://localhost:12109/api/worker184 PUT http://localhost:12110/api/worker185 PUT http://localhost:12111/api/worker186 PUT http://localhost:12113/api/worker187 PUT http://localhost:12109/api/worker184 PUT http://localhost:12110/api/worker185 PUT http://localhost:12111/api/worker186 PUT http://localhost:12113/api/worker187 PUT http://localhost:12115/api/worker188 PUT http://localhost:12109/api/worker184 PUT http://localhost:12110/api/worker185 PUT http://localhost:12111/api/worker186 PUT http://localhost:12113/api/worker187 PUT http://localhost:12115/api/worker188 
3105,worker188,http://localhost:12115/api/worker188,PUT ,false,3105,NoPattern,Worker,PUT http://localhost:12112/api/Client159 PUT http://localhost:12114/api/Client160 PUT http://localhost:12116/api/Client161 PUT http://localhost:12112/api/Client159 PUT http://localhost:12114/api/Client160 PUT http://localhost:12116/api/Client161 
3106,Client161,http://localhost:12116/api/Client161,GET ,false,3106,NoPattern,Client,PUT http://localhost:12109/api/worker184 PUT http://localhost:12110/api/worker185 PUT http://localhost:12111/api/worker186 PUT http://localhost:12113/api/worker187 PUT http://localhost:12115/api/worker188 PUT http://localhost:12109/api/worker184 PUT http://localhost:12110/api/worker185 PUT http://localhost:12111/api/worker186 PUT http://localhost:12113/api/worker187 PUT http://localhost:12115/api/worker188 
3107,ApiGateway55,http://localhost:12117/api/ApiGateway55,POST PUT GET DELETE ,false,3107,ApiGateway,ApiGateway,POST http://localhost:12123/api/Worker152 GET http://localhost:12123/api/Worker152 PUT http://localhost:12123/api/Worker152 DELETE http://localhost:12123/api/Worker152 POST http://localhost:12124/api/Worker153 GET http://localhost:12124/api/Worker153 PUT http://localhost:12124/api/Worker153 DELETE http://localhost:12124/api/Worker153 POST http://localhost:12125/api/Worker154 GET http://localhost:12125/api/Worker154 PUT http://localhost:12125/api/Worker154 DELETE http://localhost:12125/api/Worker154 POST http://localhost:12126/api/Worker155 GET http://localhost:12126/api/Worker155 PUT http://localhost:12126/api/Worker155 DELETE http://localhost:12126/api/Worker155 POST http://localhost:12127/api/Worker156 GET http://localhost:12127/api/Worker156 PUT http://localhost:12127/api/Worker156 DELETE http://localhost:12127/api/Worker156 
3108,Client294,http://localhost:12118/api/Client294,,false,3108,ApiGateway,Client,POST http://localhost:12117/api/ApiGateway55 GET http://localhost:12117/api/ApiGateway55 PUT http://localhost:12117/api/ApiGateway55 DELETE http://localhost:12117/api/ApiGateway55 
3109,Client295,http://localhost:12119/api/Client295,,false,3109,ApiGateway,Client,POST http://localhost:12117/api/ApiGateway55 GET http://localhost:12117/api/ApiGateway55 PUT http://localhost:12117/api/ApiGateway55 DELETE http://localhost:12117/api/ApiGateway55 
3110,Client296,http://localhost:12120/api/Client296,,false,3110,ApiGateway,Client,POST http://localhost:12117/api/ApiGateway55 GET http://localhost:12117/api/ApiGateway55 PUT http://localhost:12117/api/ApiGateway55 DELETE http://localhost:12117/api/ApiGateway55 
3111,Client297,http://localhost:12121/api/Client297,,false,3111,ApiGateway,Client,POST http://localhost:12117/api/ApiGateway55 GET http://localhost:12117/api/ApiGateway55 PUT http://localhost:12117/api/ApiGateway55 DELETE http://localhost:12117/api/ApiGateway55 
3112,Client298,http://localhost:12122/api/Client298,,false,3112,ApiGateway,Client,POST http://localhost:12117/api/ApiGateway55 GET http://localhost:12117/api/ApiGateway55 PUT http://localhost:12117/api/ApiGateway55 DELETE http://localhost:12117/api/ApiGateway55 
3113,Worker152,http://localhost:12123/api/Worker152,POST GET ,false,3113,ApiGateway,Worker,
3114,Worker153,http://localhost:12124/api/Worker153,POST GET ,false,3114,ApiGateway,Worker,
3115,Worker154,http://localhost:12125/api/Worker154,POST GET ,false,3115,ApiGateway,Worker,
3116,Worker155,http://localhost:12126/api/Worker155,POST GET ,false,3116,ApiGateway,Worker,
3117,Worker156,http://localhost:12127/api/Worker156,POST GET ,false,3117,ApiGateway,Worker,
3118,ApiGateway56,http://localhost:12128/api/ApiGateway56,POST PUT GET DELETE ,false,3118,ApiGateway,ApiGateway,POST http://localhost:12132/api/Worker157 GET http://localhost:12132/api/Worker157 PUT http://localhost:12132/api/Worker157 DELETE http://localhost:12132/api/Worker157 POST http://localhost:12133/api/Worker158 GET http://localhost:12133/api/Worker158 PUT http://localhost:12133/api/Worker158 DELETE http://localhost:12133/api/Worker158 
3119,Client299,http://localhost:12129/api/Client299,,false,3119,ApiGateway,Client,POST http://localhost:12128/api/ApiGateway56 GET http://localhost:12128/api/ApiGateway56 PUT http://localhost:12128/api/ApiGateway56 DELETE http://localhost:12128/api/ApiGateway56 
3120,Client300,http://localhost:12130/api/Client300,,false,3120,ApiGateway,Client,POST http://localhost:12128/api/ApiGateway56 GET http://localhost:12128/api/ApiGateway56 PUT http://localhost:12128/api/ApiGateway56 DELETE http://localhost:12128/api/ApiGateway56 
3121,Client301,http://localhost:12131/api/Client301,,false,3121,ApiGateway,Client,POST http://localhost:12128/api/ApiGateway56 GET http://localhost:12128/api/ApiGateway56 PUT http://localhost:12128/api/ApiGateway56 DELETE http://localhost:12128/api/ApiGateway56 
3122,Worker157,http://localhost:12132/api/Worker157,POST GET ,false,3122,ApiGateway,Worker,
3123,Worker158,http://localhost:12133/api/Worker158,POST GET ,false,3123,ApiGateway,Worker,
3124,ApiGateway57,http://localhost:12134/api/ApiGateway57,POST PUT GET DELETE ,false,3124,ApiGateway,ApiGateway,POST http://localhost:12140/api/Worker159 GET http://localhost:12140/api/Worker159 PUT http://localhost:12140/api/Worker159 DELETE http://localhost:12140/api/Worker159 
3125,Client302,http://localhost:12135/api/Client302,,false,3125,ApiGateway,Client,POST http://localhost:12134/api/ApiGateway57 GET http://localhost:12134/api/ApiGateway57 PUT http://localhost:12134/api/ApiGateway57 DELETE http://localhost:12134/api/ApiGateway57 
3126,Client303,http://localhost:12136/api/Client303,,false,3126,ApiGateway,Client,POST http://localhost:12134/api/ApiGateway57 GET http://localhost:12134/api/ApiGateway57 PUT http://localhost:12134/api/ApiGateway57 DELETE http://localhost:12134/api/ApiGateway57 
3127,Client304,http://localhost:12137/api/Client304,,false,3127,ApiGateway,Client,POST http://localhost:12134/api/ApiGateway57 GET http://localhost:12134/api/ApiGateway57 PUT http://localhost:12134/api/ApiGateway57 DELETE http://localhost:12134/api/ApiGateway57 
3128,Client305,http://localhost:12138/api/Client305,,false,3128,ApiGateway,Client,POST http://localhost:12134/api/ApiGateway57 GET http://localhost:12134/api/ApiGateway57 PUT http://localhost:12134/api/ApiGateway57 DELETE http://localhost:12134/api/ApiGateway57 
3129,Client306,http://localhost:12139/api/Client306,,false,3129,ApiGateway,Client,POST http://localhost:12134/api/ApiGateway57 GET http://localhost:12134/api/ApiGateway57 PUT http://localhost:12134/api/ApiGateway57 DELETE http://localhost:12134/api/ApiGateway57 
3130,Worker159,http://localhost:12140/api/Worker159,POST GET ,false,3130,ApiGateway,Worker,
3131,ApiGateway58,http://localhost:12141/api/ApiGateway58,POST PUT GET DELETE ,false,3131,ApiGateway,ApiGateway,POST http://localhost:12150/api/Worker160 GET http://localhost:12150/api/Worker160 PUT http://localhost:12150/api/Worker160 DELETE http://localhost:12150/api/Worker160 POST http://localhost:12151/api/Worker161 GET http://localhost:12151/api/Worker161 PUT http://localhost:12151/api/Worker161 DELETE http://localhost:12151/api/Worker161 POST http://localhost:12152/api/Worker162 GET http://localhost:12152/api/Worker162 PUT http://localhost:12152/api/Worker162 DELETE http://localhost:12152/api/Worker162 POST http://localhost:12153/api/Worker163 GET http://localhost:12153/api/Worker163 PUT http://localhost:12153/api/Worker163 DELETE http://localhost:12153/api/Worker163 POST http://localhost:12154/api/Worker164 GET http://localhost:12154/api/Worker164 PUT http://localhost:12154/api/Worker164 DELETE http://localhost:12154/api/Worker164 
3132,Client307,http://localhost:12142/api/Client307,,false,3132,ApiGateway,Client,POST http://localhost:12141/api/ApiGateway58 GET http://localhost:12141/api/ApiGateway58 PUT http://localhost:12141/api/ApiGateway58 DELETE http://localhost:12141/api/ApiGateway58 
3133,Client308,http://localhost:12143/api/Client308,,false,3133,ApiGateway,Client,POST http://localhost:12141/api/ApiGateway58 GET http://localhost:12141/api/ApiGateway58 PUT http://localhost:12141/api/ApiGateway58 DELETE http://localhost:12141/api/ApiGateway58 
3134,Client309,http://localhost:12144/api/Client309,,false,3134,ApiGateway,Client,POST http://localhost:12141/api/ApiGateway58 GET http://localhost:12141/api/ApiGateway58 PUT http://localhost:12141/api/ApiGateway58 DELETE http://localhost:12141/api/ApiGateway58 
3135,Client310,http://localhost:12145/api/Client310,,false,3135,ApiGateway,Client,POST http://localhost:12141/api/ApiGateway58 GET http://localhost:12141/api/ApiGateway58 PUT http://localhost:12141/api/ApiGateway58 DELETE http://localhost:12141/api/ApiGateway58 
3136,Client311,http://localhost:12146/api/Client311,,false,3136,ApiGateway,Client,POST http://localhost:12141/api/ApiGateway58 GET http://localhost:12141/api/ApiGateway58 PUT http://localhost:12141/api/ApiGateway58 DELETE http://localhost:12141/api/ApiGateway58 
3137,Client312,http://localhost:12147/api/Client312,,false,3137,ApiGateway,Client,POST http://localhost:12141/api/ApiGateway58 GET http://localhost:12141/api/ApiGateway58 PUT http://localhost:12141/api/ApiGateway58 DELETE http://localhost:12141/api/ApiGateway58 
3138,Client313,http://localhost:12148/api/Client313,,false,3138,ApiGateway,Client,POST http://localhost:12141/api/ApiGateway58 GET http://localhost:12141/api/ApiGateway58 PUT http://localhost:12141/api/ApiGateway58 DELETE http://localhost:12141/api/ApiGateway58 
3139,Client314,http://localhost:12149/api/Client314,,false,3139,ApiGateway,Client,POST http://localhost:12141/api/ApiGateway58 GET http://localhost:12141/api/ApiGateway58 PUT http://localhost:12141/api/ApiGateway58 DELETE http://localhost:12141/api/ApiGateway58 
3140,Worker160,http://localhost:12150/api/Worker160,POST GET ,false,3140,ApiGateway,Worker,
3141,Worker161,http://localhost:12151/api/Worker161,POST GET ,false,3141,ApiGateway,Worker,
3142,Worker162,http://localhost:12152/api/Worker162,POST GET ,false,3142,ApiGateway,Worker,
3143,Worker163,http://localhost:12153/api/Worker163,POST GET ,false,3143,ApiGateway,Worker,
3144,Worker164,http://localhost:12154/api/Worker164,POST GET ,false,3144,ApiGateway,Worker,
3145,ApiGateway59,http://localhost:12155/api/ApiGateway59,POST PUT GET DELETE ,false,3145,ApiGateway,ApiGateway,POST http://localhost:12161/api/Worker165 GET http://localhost:12161/api/Worker165 PUT http://localhost:12161/api/Worker165 DELETE http://localhost:12161/api/Worker165 POST http://localhost:12162/api/Worker166 GET http://localhost:12162/api/Worker166 PUT http://localhost:12162/api/Worker166 DELETE http://localhost:12162/api/Worker166 POST http://localhost:12163/api/Worker167 GET http://localhost:12163/api/Worker167 PUT http://localhost:12163/api/Worker167 DELETE http://localhost:12163/api/Worker167 
3146,Client315,http://localhost:12156/api/Client315,,false,3146,ApiGateway,Client,POST http://localhost:12155/api/ApiGateway59 GET http://localhost:12155/api/ApiGateway59 PUT http://localhost:12155/api/ApiGateway59 DELETE http://localhost:12155/api/ApiGateway59 
3147,Client316,http://localhost:12157/api/Client316,,false,3147,ApiGateway,Client,POST http://localhost:12155/api/ApiGateway59 GET http://localhost:12155/api/ApiGateway59 PUT http://localhost:12155/api/ApiGateway59 DELETE http://localhost:12155/api/ApiGateway59 
3148,Client317,http://localhost:12158/api/Client317,,false,3148,ApiGateway,Client,POST http://localhost:12155/api/ApiGateway59 GET http://localhost:12155/api/ApiGateway59 PUT http://localhost:12155/api/ApiGateway59 DELETE http://localhost:12155/api/ApiGateway59 
3149,Client318,http://localhost:12159/api/Client318,,false,3149,ApiGateway,Client,POST http://localhost:12155/api/ApiGateway59 GET http://localhost:12155/api/ApiGateway59 PUT http://localhost:12155/api/ApiGateway59 DELETE http://localhost:12155/api/ApiGateway59 
3150,Client319,http://localhost:12160/api/Client319,,false,3150,ApiGateway,Client,POST http://localhost:12155/api/ApiGateway59 GET http://localhost:12155/api/ApiGateway59 PUT http://localhost:12155/api/ApiGateway59 DELETE http://localhost:12155/api/ApiGateway59 
3151,Worker165,http://localhost:12161/api/Worker165,POST GET ,false,3151,ApiGateway,Worker,
3152,Worker166,http://localhost:12162/api/Worker166,POST GET ,false,3152,ApiGateway,Worker,
3153,Worker167,http://localhost:12163/api/Worker167,POST GET ,false,3153,ApiGateway,Worker,
3154,ApiGateway60,http://localhost:12164/api/ApiGateway60,POST PUT GET DELETE ,false,3154,ApiGateway,ApiGateway,POST http://localhost:12171/api/Worker168 GET http://localhost:12171/api/Worker168 PUT http://localhost:12171/api/Worker168 DELETE http://localhost:12171/api/Worker168 
3155,Client320,http://localhost:12165/api/Client320,,false,3155,ApiGateway,Client,POST http://localhost:12164/api/ApiGateway60 GET http://localhost:12164/api/ApiGateway60 PUT http://localhost:12164/api/ApiGateway60 DELETE http://localhost:12164/api/ApiGateway60 
3156,Client321,http://localhost:12166/api/Client321,,false,3156,ApiGateway,Client,POST http://localhost:12164/api/ApiGateway60 GET http://localhost:12164/api/ApiGateway60 PUT http://localhost:12164/api/ApiGateway60 DELETE http://localhost:12164/api/ApiGateway60 
3157,Client322,http://localhost:12167/api/Client322,,false,3157,ApiGateway,Client,POST http://localhost:12164/api/ApiGateway60 GET http://localhost:12164/api/ApiGateway60 PUT http://localhost:12164/api/ApiGateway60 DELETE http://localhost:12164/api/ApiGateway60 
3158,Client323,http://localhost:12168/api/Client323,,false,3158,ApiGateway,Client,POST http://localhost:12164/api/ApiGateway60 GET http://localhost:12164/api/ApiGateway60 PUT http://localhost:12164/api/ApiGateway60 DELETE http://localhost:12164/api/ApiGateway60 
3159,Client324,http://localhost:12169/api/Client324,,false,3159,ApiGateway,Client,POST http://localhost:12164/api/ApiGateway60 GET http://localhost:12164/api/ApiGateway60 PUT http://localhost:12164/api/ApiGateway60 DELETE http://localhost:12164/api/ApiGateway60 
3160,Client325,http://localhost:12170/api/Client325,,false,3160,ApiGateway,Client,POST http://localhost:12164/api/ApiGateway60 GET http://localhost:12164/api/ApiGateway60 PUT http://localhost:12164/api/ApiGateway60 DELETE http://localhost:12164/api/ApiGateway60 
3161,Worker168,http://localhost:12171/api/Worker168,POST GET ,false,3161,ApiGateway,Worker,
3162,ApiGateway61,http://localhost:12172/api/ApiGateway61,POST PUT GET DELETE ,false,3162,ApiGateway,ApiGateway,POST http://localhost:12178/api/Worker169 GET http://localhost:12178/api/Worker169 PUT http://localhost:12178/api/Worker169 DELETE http://localhost:12178/api/Worker169 POST http://localhost:12179/api/Worker170 GET http://localhost:12179/api/Worker170 PUT http://localhost:12179/api/Worker170 DELETE http://localhost:12179/api/Worker170 POST http://localhost:12180/api/Worker171 GET http://localhost:12180/api/Worker171 PUT http://localhost:12180/api/Worker171 DELETE http://localhost:12180/api/Worker171 POST http://localhost:12181/api/Worker172 GET http://localhost:12181/api/Worker172 PUT http://localhost:12181/api/Worker172 DELETE http://localhost:12181/api/Worker172 
3163,Client326,http://localhost:12173/api/Client326,,false,3163,ApiGateway,Client,POST http://localhost:12172/api/ApiGateway61 GET http://localhost:12172/api/ApiGateway61 PUT http://localhost:12172/api/ApiGateway61 DELETE http://localhost:12172/api/ApiGateway61 
3164,Client327,http://localhost:12174/api/Client327,,false,3164,ApiGateway,Client,POST http://localhost:12172/api/ApiGateway61 GET http://localhost:12172/api/ApiGateway61 PUT http://localhost:12172/api/ApiGateway61 DELETE http://localhost:12172/api/ApiGateway61 
3165,Client328,http://localhost:12175/api/Client328,,false,3165,ApiGateway,Client,POST http://localhost:12172/api/ApiGateway61 GET http://localhost:12172/api/ApiGateway61 PUT http://localhost:12172/api/ApiGateway61 DELETE http://localhost:12172/api/ApiGateway61 
3166,Client329,http://localhost:12176/api/Client329,,false,3166,ApiGateway,Client,POST http://localhost:12172/api/ApiGateway61 GET http://localhost:12172/api/ApiGateway61 PUT http://localhost:12172/api/ApiGateway61 DELETE http://localhost:12172/api/ApiGateway61 
3167,Client330,http://localhost:12177/api/Client330,,false,3167,ApiGateway,Client,POST http://localhost:12172/api/ApiGateway61 GET http://localhost:12172/api/ApiGateway61 PUT http://localhost:12172/api/ApiGateway61 DELETE http://localhost:12172/api/ApiGateway61 
3168,Worker169,http://localhost:12178/api/Worker169,POST GET ,false,3168,ApiGateway,Worker,
3169,Worker170,http://localhost:12179/api/Worker170,POST GET ,false,3169,ApiGateway,Worker,
3170,Worker171,http://localhost:12180/api/Worker171,POST GET ,false,3170,ApiGateway,Worker,
3171,Worker172,http://localhost:12181/api/Worker172,POST GET ,false,3171,ApiGateway,Worker,
3172,worker189,http://localhost:12182/api/worker189,POST PUT DELETE ,false,3172,NoPattern,Worker,DELETE http://localhost:12183/api/Client162 PUT http://localhost:12183/api/Client162 DELETE http://localhost:12183/api/Client162 PUT http://localhost:12183/api/Client162 PUT http://localhost:12185/api/Client163 PUT http://localhost:12183/api/Client162 DELETE http://localhost:12185/api/Client163 PUT http://localhost:12183/api/Client162 PUT http://localhost:12185/api/Client163 DELETE http://localhost:12185/api/Client163 PUT http://localhost:12183/api/Client162 DELETE http://localhost:12183/api/Client162 GET http://localhost:12183/api/Client162 PUT http://localhost:12185/api/Client163 DELETE http://localhost:12187/api/Client164 PUT http://localhost:12187/api/Client164 
3173,Client162,http://localhost:12183/api/Client162,GET ,false,3173,NoPattern,Client,DELETE http://localhost:12182/api/worker189 PUT http://localhost:12182/api/worker189 POST http://localhost:12182/api/worker189 PUT http://localhost:12182/api/worker189 DELETE http://localhost:12184/api/worker190 DELETE http://localhost:12182/api/worker189 PUT http://localhost:12182/api/worker189 PUT http://localhost:12184/api/worker190 DELETE http://localhost:12182/api/worker189 PUT http://localhost:12182/api/worker189 PUT http://localhost:12184/api/worker190 DELETE http://localhost:12184/api/worker190 PUT http://localhost:12182/api/worker189 DELETE http://localhost:12184/api/worker190 PUT http://localhost:12184/api/worker190 DELETE http://localhost:12182/api/worker189 DELETE http://localhost:12184/api/worker190 GET http://localhost:12184/api/worker190 GET http://localhost:12186/api/worker191 PUT http://localhost:12186/api/worker191 
3174,worker190,http://localhost:12184/api/worker190,PUT DELETE ,false,3174,NoPattern,Worker,DELETE http://localhost:12183/api/Client162 PUT http://localhost:12183/api/Client162 DELETE http://localhost:12183/api/Client162 PUT http://localhost:12185/api/Client163 DELETE http://localhost:12183/api/Client162 DELETE http://localhost:12185/api/Client163 PUT http://localhost:12183/api/Client162 DELETE http://localhost:12183/api/Client162 PUT http://localhost:12185/api/Client163 DELETE http://localhost:12183/api/Client162 PUT http://localhost:12183/api/Client162 GET http://localhost:12183/api/Client162 PUT http://localhost:12185/api/Client163 DELETE http://localhost:12185/api/Client163 GET http://localhost:12185/api/Client163 GET http://localhost:12187/api/Client164 DELETE http://localhost:12187/api/Client164 PUT http://localhost:12187/api/Client164 
3175,Client163,http://localhost:12185/api/Client163,GET POST PUT DELETE ,false,3175,NoPattern,Client,DELETE http://localhost:12182/api/worker189 PUT http://localhost:12182/api/worker189 PUT http://localhost:12184/api/worker190 DELETE http://localhost:12184/api/worker190 DELETE http://localhost:12182/api/worker189 PUT http://localhost:12184/api/worker190 PUT http://localhost:12182/api/worker189 DELETE http://localhost:12184/api/worker190 GET http://localhost:12182/api/worker189 DELETE http://localhost:12182/api/worker189 PUT http://localhost:12182/api/worker189 DELETE http://localhost:12184/api/worker190 DELETE http://localhost:12186/api/worker191 GET http://localhost:12186/api/worker191 
3176,worker191,http://localhost:12186/api/worker191,GET PUT DELETE ,false,3176,NoPattern,Worker,GET http://localhost:12183/api/Client162 DELETE http://localhost:12183/api/Client162 PUT http://localhost:12183/api/Client162 PUT http://localhost:12185/api/Client163 DELETE http://localhost:12185/api/Client163 GET http://localhost:12185/api/Client163 PUT http://localhost:12187/api/Client164 GET http://localhost:12187/api/Client164 DELETE http://localhost:12187/api/Client164 
3177,Client164,http://localhost:12187/api/Client164,GET POST DELETE ,false,3177,NoPattern,Client,DELETE http://localhost:12182/api/worker189 GET http://localhost:12182/api/worker189 DELETE http://localhost:12184/api/worker190 GET http://localhost:12184/api/worker190 PUT http://localhost:12184/api/worker190 PUT http://localhost:12186/api/worker191 GET http://localhost:12186/api/worker191 DELETE http://localhost:12186/api/worker191 
3178,ServiceRegistry55,http://localhost:12188/api/ServiceRegistry55,POST PUT GET DELETE ,false,3178,ServiceDiscovery,ServiceRegistry,
3179,Worker179,http://localhost:12189/api/Worker179,POST PUT GET DELETE ,false,3179,ServiceDiscovery,Worker,POST http://localhost:12188/api/ServiceRegistry55 PUT http://localhost:12188/api/ServiceRegistry55 DELETE http://localhost:12188/api/ServiceRegistry55 
3180,Client299,http://localhost:12190/api/Client299,,false,3180,ServiceDiscovery,Client,GET http://localhost:12188/api/ServiceRegistry55 GET http://localhost:12189/api/Worker179 PUT http://localhost:12189/api/Worker179 POST http://localhost:12189/api/Worker179 DELETE http://localhost:12189/api/Worker179 
3181,Client300,http://localhost:12191/api/Client300,,false,3181,ServiceDiscovery,Client,GET http://localhost:12188/api/ServiceRegistry55 GET http://localhost:12189/api/Worker179 PUT http://localhost:12189/api/Worker179 POST http://localhost:12189/api/Worker179 DELETE http://localhost:12189/api/Worker179 
3182,Client301,http://localhost:12192/api/Client301,,false,3182,ServiceDiscovery,Client,GET http://localhost:12188/api/ServiceRegistry55 GET http://localhost:12189/api/Worker179 PUT http://localhost:12189/api/Worker179 POST http://localhost:12189/api/Worker179 DELETE http://localhost:12189/api/Worker179 
3183,Client302,http://localhost:12193/api/Client302,,false,3183,ServiceDiscovery,Client,GET http://localhost:12188/api/ServiceRegistry55 GET http://localhost:12189/api/Worker179 PUT http://localhost:12189/api/Worker179 POST http://localhost:12189/api/Worker179 DELETE http://localhost:12189/api/Worker179 
3184,ServiceRegistry56,http://localhost:12194/api/ServiceRegistry56,POST PUT GET DELETE ,false,3184,ServiceDiscovery,ServiceRegistry,
3185,Worker180,http://localhost:12195/api/Worker180,POST PUT GET DELETE ,false,3185,ServiceDiscovery,Worker,POST http://localhost:12194/api/ServiceRegistry56 PUT http://localhost:12194/api/ServiceRegistry56 DELETE http://localhost:12194/api/ServiceRegistry56 
3186,Worker181,http://localhost:12196/api/Worker181,POST PUT GET DELETE ,false,3186,ServiceDiscovery,Worker,POST http://localhost:12194/api/ServiceRegistry56 PUT http://localhost:12194/api/ServiceRegistry56 DELETE http://localhost:12194/api/ServiceRegistry56 
3187,Worker182,http://localhost:12197/api/Worker182,POST PUT GET DELETE ,false,3187,ServiceDiscovery,Worker,POST http://localhost:12194/api/ServiceRegistry56 PUT http://localhost:12194/api/ServiceRegistry56 DELETE http://localhost:12194/api/ServiceRegistry56 
3188,Client303,http://localhost:12198/api/Client303,,false,3188,ServiceDiscovery,Client,GET http://localhost:12194/api/ServiceRegistry56 GET http://localhost:12197/api/Worker182 PUT http://localhost:12197/api/Worker182 POST http://localhost:12197/api/Worker182 DELETE http://localhost:12197/api/Worker182 
3189,Client304,http://localhost:12199/api/Client304,,false,3189,ServiceDiscovery,Client,GET http://localhost:12194/api/ServiceRegistry56 GET http://localhost:12197/api/Worker182 PUT http://localhost:12197/api/Worker182 POST http://localhost:12197/api/Worker182 DELETE http://localhost:12197/api/Worker182 
3190,Client305,http://localhost:12200/api/Client305,,false,3190,ServiceDiscovery,Client,GET http://localhost:12194/api/ServiceRegistry56 GET http://localhost:12197/api/Worker182 PUT http://localhost:12197/api/Worker182 POST http://localhost:12197/api/Worker182 DELETE http://localhost:12197/api/Worker182 
3191,ServiceRegistry57,http://localhost:12201/api/ServiceRegistry57,POST PUT GET DELETE ,false,3191,ServiceDiscovery,ServiceRegistry,
3192,Worker183,http://localhost:12202/api/Worker183,POST PUT GET DELETE ,false,3192,ServiceDiscovery,Worker,POST http://localhost:12201/api/ServiceRegistry57 PUT http://localhost:12201/api/ServiceRegistry57 DELETE http://localhost:12201/api/ServiceRegistry57 
3193,Client306,http://localhost:12203/api/Client306,,false,3193,ServiceDiscovery,Client,GET http://localhost:12201/api/ServiceRegistry57 GET http://localhost:12202/api/Worker183 PUT http://localhost:12202/api/Worker183 POST http://localhost:12202/api/Worker183 DELETE http://localhost:12202/api/Worker183 
3194,Client307,http://localhost:12204/api/Client307,,false,3194,ServiceDiscovery,Client,GET http://localhost:12201/api/ServiceRegistry57 GET http://localhost:12202/api/Worker183 PUT http://localhost:12202/api/Worker183 POST http://localhost:12202/api/Worker183 DELETE http://localhost:12202/api/Worker183 
3195,Client308,http://localhost:12205/api/Client308,,false,3195,ServiceDiscovery,Client,GET http://localhost:12201/api/ServiceRegistry57 GET http://localhost:12202/api/Worker183 PUT http://localhost:12202/api/Worker183 POST http://localhost:12202/api/Worker183 DELETE http://localhost:12202/api/Worker183 
3196,Client309,http://localhost:12206/api/Client309,,false,3196,ServiceDiscovery,Client,GET http://localhost:12201/api/ServiceRegistry57 GET http://localhost:12202/api/Worker183 PUT http://localhost:12202/api/Worker183 POST http://localhost:12202/api/Worker183 DELETE http://localhost:12202/api/Worker183 
3197,ServiceRegistry58,http://localhost:12207/api/ServiceRegistry58,POST PUT GET DELETE ,false,3197,ServiceDiscovery,ServiceRegistry,
3198,Worker184,http://localhost:12208/api/Worker184,POST PUT GET DELETE ,false,3198,ServiceDiscovery,Worker,POST http://localhost:12207/api/ServiceRegistry58 PUT http://localhost:12207/api/ServiceRegistry58 DELETE http://localhost:12207/api/ServiceRegistry58 
3199,Worker185,http://localhost:12209/api/Worker185,POST PUT GET DELETE ,false,3199,ServiceDiscovery,Worker,POST http://localhost:12207/api/ServiceRegistry58 PUT http://localhost:12207/api/ServiceRegistry58 DELETE http://localhost:12207/api/ServiceRegistry58 
3200,Worker186,http://localhost:12210/api/Worker186,POST PUT GET DELETE ,false,3200,ServiceDiscovery,Worker,POST http://localhost:12207/api/ServiceRegistry58 PUT http://localhost:12207/api/ServiceRegistry58 DELETE http://localhost:12207/api/ServiceRegistry58 
3201,Client310,http://localhost:12211/api/Client310,,false,3201,ServiceDiscovery,Client,GET http://localhost:12207/api/ServiceRegistry58 GET http://localhost:12210/api/Worker186 PUT http://localhost:12210/api/Worker186 POST http://localhost:12210/api/Worker186 DELETE http://localhost:12210/api/Worker186 
3202,Client311,http://localhost:12212/api/Client311,,false,3202,ServiceDiscovery,Client,GET http://localhost:12207/api/ServiceRegistry58 GET http://localhost:12210/api/Worker186 PUT http://localhost:12210/api/Worker186 POST http://localhost:12210/api/Worker186 DELETE http://localhost:12210/api/Worker186 
3203,Client312,http://localhost:12213/api/Client312,,false,3203,ServiceDiscovery,Client,GET http://localhost:12207/api/ServiceRegistry58 GET http://localhost:12210/api/Worker186 PUT http://localhost:12210/api/Worker186 POST http://localhost:12210/api/Worker186 DELETE http://localhost:12210/api/Worker186 
3204,ServiceRegistry59,http://localhost:12214/api/ServiceRegistry59,POST PUT GET DELETE ,false,3204,ServiceDiscovery,ServiceRegistry,
3205,Worker187,http://localhost:12215/api/Worker187,POST PUT GET DELETE ,false,3205,ServiceDiscovery,Worker,POST http://localhost:12214/api/ServiceRegistry59 PUT http://localhost:12214/api/ServiceRegistry59 DELETE http://localhost:12214/api/ServiceRegistry59 
3206,Worker188,http://localhost:12216/api/Worker188,POST PUT GET DELETE ,false,3206,ServiceDiscovery,Worker,POST http://localhost:12214/api/ServiceRegistry59 PUT http://localhost:12214/api/ServiceRegistry59 DELETE http://localhost:12214/api/ServiceRegistry59 
3207,Worker189,http://localhost:12217/api/Worker189,POST PUT GET DELETE ,false,3207,ServiceDiscovery,Worker,POST http://localhost:12214/api/ServiceRegistry59 PUT http://localhost:12214/api/ServiceRegistry59 DELETE http://localhost:12214/api/ServiceRegistry59 
3208,Client313,http://localhost:12218/api/Client313,,false,3208,ServiceDiscovery,Client,GET http://localhost:12214/api/ServiceRegistry59 GET http://localhost:12217/api/Worker189 PUT http://localhost:12217/api/Worker189 POST http://localhost:12217/api/Worker189 DELETE http://localhost:12217/api/Worker189 
3209,Client314,http://localhost:12219/api/Client314,,false,3209,ServiceDiscovery,Client,GET http://localhost:12214/api/ServiceRegistry59 GET http://localhost:12217/api/Worker189 PUT http://localhost:12217/api/Worker189 POST http://localhost:12217/api/Worker189 DELETE http://localhost:12217/api/Worker189 
3210,Client315,http://localhost:12220/api/Client315,,false,3210,ServiceDiscovery,Client,GET http://localhost:12214/api/ServiceRegistry59 GET http://localhost:12217/api/Worker189 PUT http://localhost:12217/api/Worker189 POST http://localhost:12217/api/Worker189 DELETE http://localhost:12217/api/Worker189 
3211,Client316,http://localhost:12221/api/Client316,,false,3211,ServiceDiscovery,Client,GET http://localhost:12214/api/ServiceRegistry59 GET http://localhost:12217/api/Worker189 PUT http://localhost:12217/api/Worker189 POST http://localhost:12217/api/Worker189 DELETE http://localhost:12217/api/Worker189 
3212,Client317,http://localhost:12222/api/Client317,,false,3212,ServiceDiscovery,Client,GET http://localhost:12214/api/ServiceRegistry59 GET http://localhost:12217/api/Worker189 PUT http://localhost:12217/api/Worker189 POST http://localhost:12217/api/Worker189 DELETE http://localhost:12217/api/Worker189 
3213,Client318,http://localhost:12223/api/Client318,,false,3213,ServiceDiscovery,Client,GET http://localhost:12214/api/ServiceRegistry59 GET http://localhost:12217/api/Worker189 PUT http://localhost:12217/api/Worker189 POST http://localhost:12217/api/Worker189 DELETE http://localhost:12217/api/Worker189 
3214,Client319,http://localhost:12224/api/Client319,,false,3214,ServiceDiscovery,Client,GET http://localhost:12214/api/ServiceRegistry59 GET http://localhost:12217/api/Worker189 PUT http://localhost:12217/api/Worker189 POST http://localhost:12217/api/Worker189 DELETE http://localhost:12217/api/Worker189 
3215,ServiceRegistry60,http://localhost:12225/api/ServiceRegistry60,POST PUT GET DELETE ,false,3215,ServiceDiscovery,ServiceRegistry,
3216,Worker190,http://localhost:12226/api/Worker190,POST PUT GET DELETE ,false,3216,ServiceDiscovery,Worker,POST http://localhost:12225/api/ServiceRegistry60 PUT http://localhost:12225/api/ServiceRegistry60 DELETE http://localhost:12225/api/ServiceRegistry60 
3217,Worker191,http://localhost:12227/api/Worker191,POST PUT GET DELETE ,false,3217,ServiceDiscovery,Worker,POST http://localhost:12225/api/ServiceRegistry60 PUT http://localhost:12225/api/ServiceRegistry60 DELETE http://localhost:12225/api/ServiceRegistry60 
3218,Client320,http://localhost:12228/api/Client320,,false,3218,ServiceDiscovery,Client,GET http://localhost:12225/api/ServiceRegistry60 GET http://localhost:12227/api/Worker191 PUT http://localhost:12227/api/Worker191 POST http://localhost:12227/api/Worker191 DELETE http://localhost:12227/api/Worker191 
3219,Client321,http://localhost:12229/api/Client321,,false,3219,ServiceDiscovery,Client,GET http://localhost:12225/api/ServiceRegistry60 GET http://localhost:12227/api/Worker191 PUT http://localhost:12227/api/Worker191 POST http://localhost:12227/api/Worker191 DELETE http://localhost:12227/api/Worker191 
3220,Client322,http://localhost:12230/api/Client322,,false,3220,ServiceDiscovery,Client,GET http://localhost:12225/api/ServiceRegistry60 GET http://localhost:12227/api/Worker191 PUT http://localhost:12227/api/Worker191 POST http://localhost:12227/api/Worker191 DELETE http://localhost:12227/api/Worker191 
3221,Client323,http://localhost:12231/api/Client323,,false,3221,ServiceDiscovery,Client,GET http://localhost:12225/api/ServiceRegistry60 GET http://localhost:12227/api/Worker191 PUT http://localhost:12227/api/Worker191 POST http://localhost:12227/api/Worker191 DELETE http://localhost:12227/api/Worker191 
3222,Client324,http://localhost:12232/api/Client324,,false,3222,ServiceDiscovery,Client,GET http://localhost:12225/api/ServiceRegistry60 GET http://localhost:12227/api/Worker191 PUT http://localhost:12227/api/Worker191 POST http://localhost:12227/api/Worker191 DELETE http://localhost:12227/api/Worker191 
3223,ServiceRegistry61,http://localhost:12233/api/ServiceRegistry61,POST PUT GET DELETE ,false,3223,ServiceDiscovery,ServiceRegistry,
3224,Worker192,http://localhost:12234/api/Worker192,POST PUT GET DELETE ,false,3224,ServiceDiscovery,Worker,POST http://localhost:12233/api/ServiceRegistry61 PUT http://localhost:12233/api/ServiceRegistry61 DELETE http://localhost:12233/api/ServiceRegistry61 
3225,Worker193,http://localhost:12235/api/Worker193,POST PUT GET DELETE ,false,3225,ServiceDiscovery,Worker,POST http://localhost:12233/api/ServiceRegistry61 PUT http://localhost:12233/api/ServiceRegistry61 DELETE http://localhost:12233/api/ServiceRegistry61 
3226,Client325,http://localhost:12236/api/Client325,,false,3226,ServiceDiscovery,Client,GET http://localhost:12233/api/ServiceRegistry61 GET http://localhost:12235/api/Worker193 PUT http://localhost:12235/api/Worker193 POST http://localhost:12235/api/Worker193 DELETE http://localhost:12235/api/Worker193 
3227,Client326,http://localhost:12237/api/Client326,,false,3227,ServiceDiscovery,Client,GET http://localhost:12233/api/ServiceRegistry61 GET http://localhost:12235/api/Worker193 PUT http://localhost:12235/api/Worker193 POST http://localhost:12235/api/Worker193 DELETE http://localhost:12235/api/Worker193 
3228,Client327,http://localhost:12238/api/Client327,,false,3228,ServiceDiscovery,Client,GET http://localhost:12233/api/ServiceRegistry61 GET http://localhost:12235/api/Worker193 PUT http://localhost:12235/api/Worker193 POST http://localhost:12235/api/Worker193 DELETE http://localhost:12235/api/Worker193 
3229,Client328,http://localhost:12239/api/Client328,,false,3229,ServiceDiscovery,Client,GET http://localhost:12233/api/ServiceRegistry61 GET http://localhost:12235/api/Worker193 PUT http://localhost:12235/api/Worker193 POST http://localhost:12235/api/Worker193 DELETE http://localhost:12235/api/Worker193 
3230,Client329,http://localhost:12240/api/Client329,,false,3230,ServiceDiscovery,Client,GET http://localhost:12233/api/ServiceRegistry61 GET http://localhost:12235/api/Worker193 PUT http://localhost:12235/api/Worker193 POST http://localhost:12235/api/Worker193 DELETE http://localhost:12235/api/Worker193 
3231,Client330,http://localhost:12241/api/Client330,,false,3231,ServiceDiscovery,Client,GET http://localhost:12233/api/ServiceRegistry61 GET http://localhost:12235/api/Worker193 PUT http://localhost:12235/api/Worker193 POST http://localhost:12235/api/Worker193 DELETE http://localhost:12235/api/Worker193 
3232,Client331,http://localhost:12242/api/Client331,,false,3232,ServiceDiscovery,Client,GET http://localhost:12233/api/ServiceRegistry61 GET http://localhost:12235/api/Worker193 PUT http://localhost:12235/api/Worker193 POST http://localhost:12235/api/Worker193 DELETE http://localhost:12235/api/Worker193 
3233,Client332,http://localhost:12243/api/Client332,,false,3233,ServiceDiscovery,Client,GET http://localhost:12233/api/ServiceRegistry61 GET http://localhost:12235/api/Worker193 PUT http://localhost:12235/api/Worker193 POST http://localhost:12235/api/Worker193 DELETE http://localhost:12235/api/Worker193 
3234,worker192,http://localhost:12244/api/worker192,GET POST ,false,3234,NoPattern,Worker,POST http://localhost:12245/api/Client165 GET http://localhost:12245/api/Client165 POST http://localhost:12245/api/Client165 POST http://localhost:12246/api/Client166 GET http://localhost:12246/api/Client166 POST http://localhost:12245/api/Client165 GET http://localhost:12245/api/Client165 GET http://localhost:12246/api/Client166 POST http://localhost:12245/api/Client165 GET http://localhost:12245/api/Client165 POST http://localhost:12246/api/Client166 GET http://localhost:12245/api/Client165 GET http://localhost:12246/api/Client166 POST http://localhost:12246/api/Client166 GET http://localhost:12247/api/Client167 POST http://localhost:12247/api/Client167 POST http://localhost:12245/api/Client165 POST http://localhost:12246/api/Client166 POST http://localhost:12247/api/Client167 DELETE http://localhost:12245/api/Client165 PUT http://localhost:12245/api/Client165 GET http://localhost:12246/api/Client166 PUT http://localhost:12246/api/Client166 DELETE http://localhost:12246/api/Client166 DELETE http://localhost:12247/api/Client167 GET http://localhost:12247/api/Client167 PUT http://localhost:12247/api/Client167 GET http://localhost:12250/api/Client168 
3235,Client165,http://localhost:12245/api/Client165,POST ,false,3235,NoPattern,Client,GET http://localhost:12244/api/worker192 GET http://localhost:12244/api/worker192 POST http://localhost:12244/api/worker192 POST http://localhost:12244/api/worker192 GET http://localhost:12244/api/worker192 POST http://localhost:12244/api/worker192 POST http://localhost:12244/api/worker192 GET http://localhost:12244/api/worker192 POST http://localhost:12244/api/worker192 POST http://localhost:12248/api/worker193 GET http://localhost:12244/api/worker192 DELETE http://localhost:12244/api/worker192 DELETE http://localhost:12248/api/worker193 DELETE http://localhost:12249/api/worker194 GET http://localhost:12249/api/worker194 PUT http://localhost:12249/api/worker194 
3236,Client166,http://localhost:12246/api/Client166,GET DELETE ,false,3236,NoPattern,Client,POST http://localhost:12244/api/worker192 POST http://localhost:12244/api/worker192 GET http://localhost:12244/api/worker192 POST http://localhost:12244/api/worker192 GET http://localhost:12244/api/worker192 POST http://localhost:12244/api/worker192 POST http://localhost:12244/api/worker192 POST http://localhost:12248/api/worker193 GET http://localhost:12244/api/worker192 GET http://localhost:12248/api/worker193 DELETE http://localhost:12248/api/worker193 PUT http://localhost:12248/api/worker193 DELETE http://localhost:12249/api/worker194 GET http://localhost:12249/api/worker194 
3237,Client167,http://localhost:12247/api/Client167,POST ,false,3237,NoPattern,Client,GET http://localhost:12244/api/worker192 POST http://localhost:12244/api/worker192 POST http://localhost:12248/api/worker193 DELETE http://localhost:12244/api/worker192 PUT http://localhost:12244/api/worker192 PUT http://localhost:12248/api/worker193 GET http://localhost:12248/api/worker193 DELETE http://localhost:12248/api/worker193 GET http://localhost:12249/api/worker194 
3238,worker193,http://localhost:12248/api/worker193,POST ,false,3238,NoPattern,Worker,POST http://localhost:12245/api/Client165 POST http://localhost:12246/api/Client166 POST http://localhost:12247/api/Client167 PUT http://localhost:12245/api/Client165 DELETE http://localhost:12246/api/Client166 GET http://localhost:12246/api/Client166 GET http://localhost:12247/api/Client167 PUT http://localhost:12247/api/Client167 GET http://localhost:12250/api/Client168 DELETE http://localhost:12250/api/Client168 
3239,worker194,http://localhost:12249/api/worker194,GET PUT DELETE ,false,3239,NoPattern,Worker,DELETE http://localhost:12245/api/Client165 PUT http://localhost:12246/api/Client166 GET http://localhost:12246/api/Client166 DELETE http://localhost:12247/api/Client167 GET http://localhost:12247/api/Client167 GET http://localhost:12250/api/Client168 PUT http://localhost:12250/api/Client168 
3240,Client168,http://localhost:12250/api/Client168,GET POST PUT ,false,3240,NoPattern,Client,GET http://localhost:12244/api/worker192 PUT http://localhost:12244/api/worker192 GET http://localhost:12248/api/worker193 PUT http://localhost:12249/api/worker194 GET http://localhost:12249/api/worker194 DELETE http://localhost:12249/api/worker194 
